id_produit,nom_produit,categorie,sous_categorie,sexe,taille,couleur,prix_unitaire,cout_production,quantite_stock
AS783,Accessoires Sacs,Accessoires,Sacs,Homme,S,Rouge,162.44,59.71,2
AC931,Accessoires Casquettes,Accessoires,Casquettes,Homme,XS,Bleu,83.02,45.35,3
CB960,Chaussures Basketball,Chaussures,Basketball,Homme,35,Blanc,121.42,43.16,55
VT864,Vetements T-shirts,Vetements,T-shirts,Homme,XL,Jaune,138.87,66.79,48
AS233,Accessoires Sacs,Accessoires,Sacs,Femme,S,Noir,205.56,80.54,99
VT185,Vetements T-shirts,Vetements,T-shirts,Femme,L,Vert,165.52,77.94,40
VS697,Vetements Shorts,Vetements,Shorts,Femme,XL,Jaune,197.72,111.85,73
CR305,Chaussures Running,Chaussures,Running,Unisexe,37,Vert,207.09,120.03,93
AC303,Accessoires Casquettes,Accessoires,Casquettes,Femme,XS,Rouge,198.84,79.33,36
CF942,Chaussures Football,Chaussures,Football,Homme,42,Bleu,85.39,33.7,35
CF758,Chaussures Football,Chaussures,Football,Femme,40,Rouge,242.47,86.03,35
CB252,Chaussures Basketball,Chaussures,Basketball,Unisexe,44,Jaune,79.58,31.48,11
VS557,Vetements Shorts,Vetements,Shorts,Unisexe,M,Vert,50.71,26.76,6
CR514,Chaussures Running,Chaussures,Running,Femme,43,Bleu,93.89,50.84,66
CB775,Chaussures Basketball,Chaussures,Basketball,Unisexe,42,Blanc,220.5,69.48,24
VT794,Vetements T-shirts,Vetements,T-shirts,Unisexe,L,Bleu,159.7,65.06,46
VS684,Vetements Sweats,Vetements,Sweats,Unisexe,XS,Noir,274.18,99.79,70
CR455,Chaussures Running,Chaussures,Running,Unisexe,38,Vert,152.26,64.76,50
AC593,Accessoires Chaussettes,Accessoires,Chaussettes,Unisexe,XL,Jaune,85.76,38.14,44
AS785,Accessoires Sacs,Accessoires,Sacs,Homme,XS,Jaune,245.11,133.5,85
AS915,Accessoires Sacs,Accessoires,Sacs,Homme,S,Vert,205.75,73.33,69
CF241,Chaussures Football,Chaussures,Football,Homme,40,Blanc,54.4,29.55,24
VT766,Vetements T-shirts,Vetements,T-shirts,Homme,M,Bleu,70.43,27.54,39
AC349,Accessoires Chaussettes,Accessoires,Chaussettes,Femme,XS,Bleu,225.59,89.94,24
AC981,Accessoires Chaussettes,Accessoires,Chaussettes,Homme,S,Vert,78.97,34.96,41
AC733,Accessoires Casquettes,Accessoires,Casquettes,Homme,L,Bleu,125.28,53.09,55
CF920,Chaussures Football,Chaussures,Football,Homme,36,Blanc,126.12,42.05,40
VT681,Vetements T-shirts,Vetements,T-shirts,Femme,L,Rouge,287.01,137.64,62
AC118,Accessoires Chaussettes,Accessoires,Chaussettes,Femme,XS,Bleu,241.88,140.83,53
AC273,Accessoires Chaussettes,Accessoires,Chaussettes,Homme,XS,Rouge,244.17,106.29,67
VS581,Vetements Shorts,Vetements,Shorts,Homme,L,Noir,287.81,108.71,94
VT190,Vetements T-shirts,Vetements,T-shirts,Homme,S,Noir,239.79,139.96,9
VS585,Vetements Sweats,Vetements,Sweats,Homme,S,Rouge,222.12,67.77,18
AC650,Accessoires Casquettes,Accessoires,Casquettes,Homme,S,Bleu,239.6,89.82,40
VS714,Vetements Sweats,Vetements,Sweats,Unisexe,XS,Noir,135.36,77.52,11
VS348,Vetements Sweats,Vetements,Sweats,Femme,XL,Noir,174.57,98.1,46
VT367,Vetements T-shirts,Vetements,T-shirts,Unisexe,M,Rouge,124.8,52.99,92
CR691,Chaussures Running,Chaussures,Running,Unisexe,36,Noir,232.93,79.22,48
AS543,Accessoires Sacs,Accessoires,Sacs,Unisexe,XS,Vert,130.18,43.59,44
AC260,Accessoires Casquettes,Accessoires,Casquettes,Unisexe,XL,Rouge,256.59,108.85,70
VT156,Vetements T-shirts,Vetements,T-shirts,Unisexe,XL,Bleu,185.83,96.76,83
CR488,Chaussures Running,Chaussures,Running,Femme,40,Blanc,91.67,33.63,30
CF812,Chaussures Football,Chaussures,Football,Homme,38,Blanc,195.71,69.07,45
AC837,Accessoires Casquettes,Accessoires,Casquettes,Femme,M,Blanc,206.69,109.4,79
CB204,Chaussures Basketball,Chaussures,Basketball,Homme,42,Noir,111.37,37.23,63
CB413,Chaussures Basketball,Chaussures,Basketball,Femme,36,Noir,273.13,115.43,72
AS750,Accessoires Sacs,Accessoires,Sacs,Unisexe,S,Jaune,245.71,125.59,45
CR714,Chaussures Running,Chaussures,Running,Femme,38,Rouge,267.47,144.58,6
CB133,Chaussures Basketball,Chaussures,Basketball,Unisexe,38,Noir,88.97,34.7,19
VS993,Vetements Shorts,Vetements,Shorts,Homme,L,Jaune,284.38,132.35,91
AC448,Accessoires Chaussettes,Accessoires,Chaussettes,Homme,XS,Vert,263.86,134.85,54
CR482,Chaussures Running,Chaussures,Running,Unisexe,42,Blanc,127.08,75.59,36
AC715,Accessoires Chaussettes,Accessoires,Chaussettes,Unisexe,XS,Noir,130.02,53.74,60
AC534,Accessoires Casquettes,Accessoires,Casquettes,Homme,XS,Noir,92.03,28.7,60
CF749,Chaussures Football,Chaussures,Football,Unisexe,43,Rouge,82.16,48.89,25
VS153,Vetements Shorts,Vetements,Shorts,Unisexe,M,Noir,227.19,86.15,85
AC687,Accessoires Chaussettes,Accessoires,Chaussettes,Homme,L,Vert,71.59,37.15,47
AS597,Accessoires Sacs,Accessoires,Sacs,Homme,XS,Jaune,59.2,28.6,35
VT332,Vetements T-shirts,Vetements,T-shirts,Unisexe,L,Bleu,143.05,52.69,14
CF567,Chaussures Football,Chaussures,Football,Unisexe,37,Noir,196.36,81.17,95
VS525,Vetements Shorts,Vetements,Shorts,Femme,XL,Rouge,167.73,70.37,26
CB689,Chaussures Basketball,Chaussures,Basketball,Unisexe,38,Rouge,141.9,64.16,1
AC774,Accessoires Chaussettes,Accessoires,Chaussettes,Homme,XS,Bleu,225.13,78.28,66
AC429,Accessoires Casquettes,Accessoires,Casquettes,Unisexe,L,Rouge,117.45,38.87,64
CB777,Chaussures Basketball,Chaussures,Basketball,Homme,45,Noir,102.09,41.12,84
VS591,Vetements Sweats,Vetements,Sweats,Femme,M,Jaune,117.68,53.88,30
AC919,Accessoires Chaussettes,Accessoires,Chaussettes,Unisexe,S,Noir,194.0,72.68,17
AC968,Accessoires Casquettes,Accessoires,Casquettes,Femme,S,Vert,126.26,62.69,44
CR717,Chaussures Running,Chaussures,Running,Homme,39,Blanc,92.82,46.01,77
VT381,Vetements T-shirts,Vetements,T-shirts,Unisexe,S,Jaune,292.87,155.36,22
VT688,Vetements T-shirts,Vetements,T-shirts,Femme,XS,Rouge,279.63,108.05,25
CF357,Chaussures Football,Chaussures,Football,Homme,37,Blanc,233.13,80.96,70
AS968,Accessoires Sacs,Accessoires,Sacs,Unisexe,L,Jaune,69.41,41.54,0
CB233,Chaussures Basketball,Chaussures,Basketball,Homme,36,Blanc,291.99,119.75,49
VS504,Vetements Shorts,Vetements,Shorts,Femme,XL,Rouge,288.52,152.37,27
AC386,Accessoires Chaussettes,Accessoires,Chaussettes,Homme,M,Blanc,87.94,41.89,11
VS195,Vetements Sweats,Vetements,Sweats,Unisexe,M,Blanc,254.26,76.83,47
AS718,Accessoires Sacs,Accessoires,Sacs,Homme,XL,Vert,158.07,57.45,51
VT992,Vetements T-shirts,Vetements,T-shirts,Unisexe,XS,Vert,129.65,54.44,66
CF302,Chaussures Football,Chaussures,Football,Unisexe,37,Blanc,216.59,95.75,10
CR372,Chaussures Running,Chaussures,Running,Homme,44,Jaune,228.03,75.56,30
CR720,Chaussures Running,Chaussures,Running,Femme,45,Jaune,253.41,150.88,88
VS355,Vetements Shorts,Vetements,Shorts,Unisexe,M,Bleu,128.3,65.94,70
CF202,Chaussures Football,Chaussures,Football,Unisexe,41,Bleu,162.07,57.88,32
AC264,Accessoires Casquettes,Accessoires,Casquettes,Unisexe,XS,Bleu,64.69,19.92,76
CB679,Chaussures Basketball,Chaussures,Basketball,Femme,41,Vert,150.25,77.71,51
VS154,Vetements Shorts,Vetements,Shorts,Unisexe,S,Blanc,236.86,136.56,67
VT833,Vetements T-shirts,Vetements,T-shirts,Femme,L,Noir,287.62,108.71,93
CB434,Chaussures Basketball,Chaussures,Basketball,Femme,43,Blanc,294.83,135.19,22
VT735,Vetements T-shirts,Vetements,T-shirts,Femme,XL,Blanc,155.15,64.68,18
VT316,Vetements T-shirts,Vetements,T-shirts,Homme,M,Noir,109.56,34.03,78
AC539,Accessoires Casquettes,Accessoires,Casquettes,Homme,M,Vert,144.14,76.7,7
CR562,Chaussures Running,Chaussures,Running,Unisexe,40,Bleu,130.87,63.18,34
CF197,Chaussures Football,Chaussures,Football,Unisexe,37,Rouge,273.56,85.86,54
CR846,Chaussures Running,Chaussures,Running,Femme,39,Noir,128.19,42.95,18
AS599,Accessoires Sacs,Accessoires,Sacs,Femme,S,Vert,199.95,93.9,45
AS643,Accessoires Sacs,Accessoires,Sacs,Femme,S,Jaune,62.73,28.5,91
VS433,Vetements Sweats,Vetements,Sweats,Homme,XL,Blanc,216.48,124.22,46
CR605,Chaussures Running,Chaussures,Running,Homme,41,Vert,136.96,74.11,100
VS916,Vetements Shorts,Vetements,Shorts,Homme,S,Blanc,288.45,117.7,49
AS864,Accessoires Sacs,Accessoires,Sacs,Homme,S,Blanc,190.8,101.98,20
CR522,Chaussures Running,Chaussures,Running,Femme,42,Jaune,172.3,95.05,85
VS733,Vetements Shorts,Vetements,Shorts,Femme,XL,Rouge,235.17,79.51,9
VS613,Vetements Shorts,Vetements,Shorts,Homme,XS,Blanc,229.24,103.82,13
VT947,Vetements T-shirts,Vetements,T-shirts,Homme,L,Blanc,197.84,110.34,1
CB833,Chaussures Basketball,Chaussures,Basketball,Unisexe,39,Rouge,249.67,139.81,41
CB116,Chaussures Basketball,Chaussures,Basketball,Homme,39,Blanc,53.11,20.9,31
CB892,Chaussures Basketball,Chaussures,Basketball,Homme,39,Bleu,238.12,129.06,3
VS865,Vetements Shorts,Vetements,Shorts,Unisexe,XS,Bleu,142.47,76.31,63
AC520,Accessoires Casquettes,Accessoires,Casquettes,Unisexe,M,Rouge,254.94,101.0,34
VT194,Vetements T-shirts,Vetements,T-shirts,Homme,XS,Blanc,62.08,27.33,95
VS693,Vetements Shorts,Vetements,Shorts,Unisexe,S,Vert,255.88,151.6,84
CR967,Chaussures Running,Chaussures,Running,Unisexe,42,Vert,185.66,67.82,60
VS447,Vetements Sweats,Vetements,Sweats,Femme,XS,Rouge,266.63,117.6,25
AS631,Accessoires Sacs,Accessoires,Sacs,Homme,XS,Vert,199.29,110.85,90
VS329,Vetements Shorts,Vetements,Shorts,Femme,XS,Rouge,263.42,127.96,25
AC681,Accessoires Chaussettes,Accessoires,Chaussettes,Homme,L,Noir,75.07,28.3,91
AC855,Accessoires Chaussettes,Accessoires,Chaussettes,Homme,S,Blanc,262.34,97.33,8
AC723,Accessoires Chaussettes,Accessoires,Chaussettes,Homme,S,Vert,236.39,139.51,96
AS556,Accessoires Sacs,Accessoires,Sacs,Unisexe,S,Bleu,296.47,130.65,40
CF513,Chaussures Football,Chaussures,Football,Unisexe,44,Rouge,86.04,26.03,100
AC271,Accessoires Casquettes,Accessoires,Casquettes,Femme,M,Bleu,72.92,30.01,89
VS182,Vetements Sweats,Vetements,Sweats,Homme,XL,Noir,158.06,94.12,92
AC617,Accessoires Chaussettes,Accessoires,Chaussettes,Homme,XS,Rouge,158.3,62.77,12
CB185,Chaussures Basketball,Chaussures,Basketball,Femme,40,Noir,243.85,76.65,9
AC897,Accessoires Casquettes,Accessoires,Casquettes,Unisexe,XS,Bleu,234.72,92.79,31
AC365,Accessoires Casquettes,Accessoires,Casquettes,Femme,XL,Bleu,276.77,159.07,6
VS178,Vetements Sweats,Vetements,Sweats,Femme,XL,Noir,172.54,68.66,2
VS305,Vetements Shorts,Vetements,Shorts,Homme,XL,Jaune,133.44,63.19,52
AC485,Accessoires Chaussettes,Accessoires,Chaussettes,Unisexe,M,Blanc,118.85,45.81,90
VS707,Vetements Shorts,Vetements,Shorts,Femme,S,Jaune,154.26,79.66,75
AC748,Accessoires Chaussettes,Accessoires,Chaussettes,Homme,XL,Blanc,157.94,90.35,53
AC797,Accessoires Casquettes,Accessoires,Casquettes,Homme,L,Rouge,246.98,119.41,19
CF772,Chaussures Football,Chaussures,Football,Femme,38,Rouge,206.72,89.27,20
VS414,Vetements Sweats,Vetements,Sweats,Unisexe,L,Bleu,165.78,59.23,29
VS827,Vetements Sweats,Vetements,Sweats,Homme,M,Rouge,246.06,89.66,63
CR204,Chaussures Running,Chaussures,Running,Homme,38,Bleu,83.97,36.81,42
CF864,Chaussures Football,Chaussures,Football,Homme,39,Noir,212.76,82.0,88
AS266,Accessoires Sacs,Accessoires,Sacs,Homme,S,Jaune,168.92,74.67,66
VT654,Vetements T-shirts,Vetements,T-shirts,Unisexe,XS,Vert,100.62,41.51,80
VS182,Vetements Shorts,Vetements,Shorts,Unisexe,XS,Noir,245.08,138.93,27
VT613,Vetements T-shirts,Vetements,T-shirts,Homme,XS,Noir,79.72,27.13,37
AC608,Accessoires Chaussettes,Accessoires,Chaussettes,Unisexe,L,Noir,158.44,92.75,1
AC722,Accessoires Chaussettes,Accessoires,Chaussettes,Femme,L,Blanc,261.13,129.81,95
CF646,Chaussures Football,Chaussures,Football,Homme,44,Noir,250.15,149.82,20
CB197,Chaussures Basketball,Chaussures,Basketball,Femme,39,Blanc,169.28,56.87,37
CF851,Chaussures Football,Chaussures,Football,Femme,43,Jaune,210.68,97.96,71
AC450,Accessoires Casquettes,Accessoires,Casquettes,Unisexe,M,Vert,253.1,93.55,83
AS154,Accessoires Sacs,Accessoires,Sacs,Femme,S,Jaune,254.9,151.21,7
VS798,Vetements Sweats,Vetements,Sweats,Femme,XL,Rouge,282.59,123.78,6
VT423,Vetements T-shirts,Vetements,T-shirts,Unisexe,S,Vert,96.85,50.71,43
CF655,Chaussures Football,Chaussures,Football,Femme,38,Noir,145.54,61.82,54
VT681,Vetements T-shirts,Vetements,T-shirts,Femme,XL,Jaune,108.67,49.69,24
CB697,Chaussures Basketball,Chaussures,Basketball,Unisexe,38,Vert,259.44,96.91,22
VS187,Vetements Shorts,Vetements,Shorts,Unisexe,L,Noir,68.06,21.48,58
VT624,Vetements T-shirts,Vetements,T-shirts,Femme,XL,Noir,288.07,91.23,34
VS363,Vetements Shorts,Vetements,Shorts,Femme,S,Bleu,240.54,91.87,7
VT553,Vetements T-shirts,Vetements,T-shirts,Homme,L,Jaune,256.36,115.05,59
VT845,Vetements T-shirts,Vetements,T-shirts,Femme,L,Blanc,169.59,84.1,81
AS174,Accessoires Sacs,Accessoires,Sacs,Femme,XL,Bleu,283.95,96.54,12
VS967,Vetements Shorts,Vetements,Shorts,Homme,S,Blanc,281.27,86.63,56
AC744,Accessoires Chaussettes,Accessoires,Chaussettes,Homme,XL,Bleu,136.03,76.71,25
CR953,Chaussures Running,Chaussures,Running,Homme,41,Jaune,259.8,142.27,75
CF299,Chaussures Football,Chaussures,Football,Unisexe,45,Blanc,95.35,36.14,50
AC794,Accessoires Casquettes,Accessoires,Casquettes,Unisexe,XL,Vert,119.5,44.94,79
CB218,Chaussures Basketball,Chaussures,Basketball,Femme,37,Vert,191.3,108.33,7
AS457,Accessoires Sacs,Accessoires,Sacs,Homme,L,Blanc,79.1,28.19,32
VT128,Vetements T-shirts,Vetements,T-shirts,Unisexe,S,Bleu,108.46,34.59,98
AC946,Accessoires Casquettes,Accessoires,Casquettes,Unisexe,S,Blanc,229.57,69.17,72
CB187,Chaussures Basketball,Chaussures,Basketball,Homme,41,Blanc,166.77,67.19,16
VS796,Vetements Sweats,Vetements,Sweats,Femme,M,Noir,205.52,93.16,72
VT276,Vetements T-shirts,Vetements,T-shirts,Femme,XS,Blanc,81.76,32.1,76
AC319,Accessoires Casquettes,Accessoires,Casquettes,Homme,M,Vert,160.51,76.61,42
AC893,Accessoires Chaussettes,Accessoires,Chaussettes,Femme,XS,Bleu,140.01,50.04,93
VT101,Vetements T-shirts,Vetements,T-shirts,Unisexe,M,Rouge,256.55,124.91,83
CF238,Chaussures Football,Chaussures,Football,Unisexe,36,Vert,219.61,96.89,41
CF157,Chaussures Football,Chaussures,Football,Homme,37,Blanc,222.22,88.36,70
CF836,Chaussures Football,Chaussures,Football,Homme,42,Rouge,159.83,77.24,7
VT993,Vetements T-shirts,Vetements,T-shirts,Homme,XL,Blanc,272.18,146.82,30
VS798,Vetements Shorts,Vetements,Shorts,Homme,XL,Jaune,117.91,42.29,71
CF539,Chaussures Football,Chaussures,Football,Homme,35,Blanc,94.58,54.03,23
CR582,Chaussures Running,Chaussures,Running,Unisexe,37,Bleu,279.29,134.47,61
CB769,Chaussures Basketball,Chaussures,Basketball,Homme,41,Noir,91.3,32.75,71
VS888,Vetements Sweats,Vetements,Sweats,Homme,L,Rouge,222.8,132.21,34
VT496,Vetements T-shirts,Vetements,T-shirts,Unisexe,XL,Bleu,222.19,103.48,18
AS986,Accessoires Sacs,Accessoires,Sacs,Femme,S,Bleu,227.6,133.19,28
VS251,Vetements Sweats,Vetements,Sweats,Unisexe,L,Rouge,62.24,28.49,97
CR731,Chaussures Running,Chaussures,Running,Femme,44,Blanc,267.77,128.91,75
VS498,Vetements Shorts,Vetements,Shorts,Homme,XS,Rouge,275.44,90.11,93
VT594,Vetements T-shirts,Vetements,T-shirts,Femme,XS,Bleu,164.47,69.14,92
CB475,Chaussures Basketball,Chaussures,Basketball,Femme,37,Blanc,272.12,129.07,74
CB797,Chaussures Basketball,Chaussures,Basketball,Homme,42,Jaune,222.25,123.57,36
VS858,Vetements Shorts,Vetements,Shorts,Unisexe,S,Noir,157.09,52.18,35
VT434,Vetements T-shirts,Vetements,T-shirts,Unisexe,S,Vert,171.91,63.88,83
CR828,Chaussures Running,Chaussures,Running,Femme,36,Jaune,195.22,69.51,74
AC627,Accessoires Casquettes,Accessoires,Casquettes,Unisexe,L,Jaune,254.6,103.8,42
AS116,Accessoires Sacs,Accessoires,Sacs,Unisexe,XL,Rouge,171.36,102.64,95
AC783,Accessoires Casquettes,Accessoires,Casquettes,Homme,M,Bleu,162.26,61.99,36
VS489,Vetements Shorts,Vetements,Shorts,Homme,XS,Rouge,113.67,61.33,9
AS109,Accessoires Sacs,Accessoires,Sacs,Femme,M,Rouge,219.04,75.14,86
VT107,Vetements T-shirts,Vetements,T-shirts,Homme,XL,Rouge,107.62,60.19,1
CB420,Chaussures Basketball,Chaussures,Basketball,Unisexe,44,Jaune,52.49,30.51,81
VS363,Vetements Sweats,Vetements,Sweats,Unisexe,XL,Vert,144.19,63.78,80
AS905,Accessoires Sacs,Accessoires,Sacs,Femme,S,Vert,174.56,88.49,22
AC441,Accessoires Casquettes,Accessoires,Casquettes,Unisexe,XL,Blanc,249.01,84.45,19
CB104,Chaussures Basketball,Chaussures,Basketball,Femme,38,Jaune,140.54,49.31,93
AS371,Accessoires Sacs,Accessoires,Sacs,Femme,XS,Noir,52.81,28.86,10
VT403,Vetements T-shirts,Vetements,T-shirts,Femme,S,Jaune,135.19,73.86,73
VT245,Vetements T-shirts,Vetements,T-shirts,Unisexe,S,Blanc,292.8,95.86,83
VS896,Vetements Shorts,Vetements,Shorts,Unisexe,S,Bleu,251.03,105.41,65
CB676,Chaussures Basketball,Chaussures,Basketball,Homme,39,Vert,133.52,68.48,96
CR493,Chaussures Running,Chaussures,Running,Unisexe,38,Bleu,86.81,26.81,90
AC173,Accessoires Chaussettes,Accessoires,Chaussettes,Femme,XS,Blanc,297.33,133.05,99
VS388,Vetements Sweats,Vetements,Sweats,Homme,XL,Noir,54.63,21.79,83
CB670,Chaussures Basketball,Chaussures,Basketball,Femme,41,Blanc,236.58,84.07,3
VT350,Vetements T-shirts,Vetements,T-shirts,Unisexe,L,Blanc,57.75,26.73,70
AS837,Accessoires Sacs,Accessoires,Sacs,Unisexe,XL,Noir,204.68,71.3,78
VS480,Vetements Sweats,Vetements,Sweats,Unisexe,M,Vert,151.69,61.66,90
CF874,Chaussures Football,Chaussures,Football,Unisexe,43,Vert,296.21,135.3,40
VS261,Vetements Shorts,Vetements,Shorts,Femme,L,Bleu,146.69,55.71,66
VS310,Vetements Sweats,Vetements,Sweats,Homme,S,Blanc,265.32,105.84,11
AC412,Accessoires Chaussettes,Accessoires,Chaussettes,Unisexe,XL,Bleu,275.68,153.88,62
CB382,Chaussures Basketball,Chaussures,Basketball,Femme,41,Blanc,78.55,34.93,94
VS535,Vetements Shorts,Vetements,Shorts,Unisexe,M,Jaune,155.31,75.8,17
CR289,Chaussures Running,Chaussures,Running,Homme,35,Bleu,118.14,55.5,73
AC266,Accessoires Casquettes,Accessoires,Casquettes,Homme,S,Noir,52.61,21.08,1
CB885,Chaussures Basketball,Chaussures,Basketball,Femme,45,Noir,61.2,29.75,44
VT624,Vetements T-shirts,Vetements,T-shirts,Femme,XL,Jaune,129.24,50.91,58
VT318,Vetements T-shirts,Vetements,T-shirts,Homme,XL,Blanc,186.65,104.84,99
VS273,Vetements Sweats,Vetements,Sweats,Homme,L,Vert,246.65,75.37,9
CB188,Chaussures Basketball,Chaussures,Basketball,Unisexe,37,Vert,98.36,31.85,82
CB182,Chaussures Basketball,Chaussures,Basketball,Homme,41,Noir,72.98,31.16,92
VT468,Vetements T-shirts,Vetements,T-shirts,Homme,M,Noir,273.0,148.45,54
CF806,Chaussures Football,Chaussures,Football,Femme,41,Jaune,155.65,54.4,3
AC557,Accessoires Casquettes,Accessoires,Casquettes,Homme,XL,Blanc,253.72,141.77,88
VT586,Vetements T-shirts,Vetements,T-shirts,Homme,XL,Blanc,220.72,81.72,2
CR853,Chaussures Running,Chaussures,Running,Femme,35,Blanc,257.14,122.56,89
AS930,Accessoires Sacs,Accessoires,Sacs,Femme,M,Noir,192.77,74.46,18
VS989,Vetements Sweats,Vetements,Sweats,Homme,XL,Blanc,86.17,35.71,72
VS112,Vetements Shorts,Vetements,Shorts,Unisexe,XL,Jaune,133.26,46.88,88
AC416,Accessoires Casquettes,Accessoires,Casquettes,Femme,XS,Vert,103.78,55.66,90
VT346,Vetements T-shirts,Vetements,T-shirts,Homme,XL,Vert,56.18,20.46,51
VS390,Vetements Sweats,Vetements,Sweats,Unisexe,S,Noir,220.77,108.65,25
AS275,Accessoires Sacs,Accessoires,Sacs,Homme,M,Rouge,187.95,67.98,54
VT385,Vetements T-shirts,Vetements,T-shirts,Homme,S,Vert,82.84,38.17,51
CB590,Chaussures Basketball,Chaussures,Basketball,Unisexe,45,Noir,242.31,114.49,37
AC406,Accessoires Chaussettes,Accessoires,Chaussettes,Homme,XS,Blanc,240.13,76.8,69
CF145,Chaussures Football,Chaussures,Football,Femme,37,Vert,82.17,36.05,48
AC562,Accessoires Chaussettes,Accessoires,Chaussettes,Homme,XS,Jaune,210.33,73.88,8
VS880,Vetements Shorts,Vetements,Shorts,Femme,M,Blanc,68.46,30.08,81
VT358,Vetements T-shirts,Vetements,T-shirts,Unisexe,S,Jaune,227.0,92.51,74
AC691,Accessoires Chaussettes,Accessoires,Chaussettes,Unisexe,XL,Vert,113.55,40.79,75
VS184,Vetements Shorts,Vetements,Shorts,Homme,M,Blanc,278.34,105.54,14
AC335,Accessoires Casquettes,Accessoires,Casquettes,Femme,XS,Bleu,202.94,114.67,25
VS874,Vetements Shorts,Vetements,Shorts,Femme,S,Rouge,299.82,160.29,8
CB863,Chaussures Basketball,Chaussures,Basketball,Unisexe,37,Rouge,259.42,98.69,74
CF997,Chaussures Football,Chaussures,Football,Femme,43,Vert,198.51,64.31,40
AC625,Accessoires Casquettes,Accessoires,Casquettes,Femme,XL,Noir,243.27,81.02,32
AC281,Accessoires Chaussettes,Accessoires,Chaussettes,Unisexe,L,Vert,120.99,70.22,15
CF922,Chaussures Football,Chaussures,Football,Homme,43,Blanc,116.13,59.01,56
CB886,Chaussures Basketball,Chaussures,Basketball,Femme,45,Vert,60.79,34.47,74
VS972,Vetements Shorts,Vetements,Shorts,Homme,XL,Noir,270.06,142.38,16
AS115,Accessoires Sacs,Accessoires,Sacs,Homme,L,Jaune,297.49,95.78,40
AC472,Accessoires Casquettes,Accessoires,Casquettes,Homme,M,Jaune,203.88,117.26,38
AC569,Accessoires Casquettes,Accessoires,Casquettes,Femme,XS,Jaune,250.28,124.89,29
AC244,Accessoires Chaussettes,Accessoires,Chaussettes,Femme,XL,Rouge,148.39,67.3,21
AC481,Accessoires Chaussettes,Accessoires,Chaussettes,Unisexe,S,Bleu,75.1,31.2,33
CB286,Chaussures Basketball,Chaussures,Basketball,Femme,43,Blanc,187.79,107.88,9
VS903,Vetements Shorts,Vetements,Shorts,Femme,S,Bleu,73.72,39.06,96
VT434,Vetements T-shirts,Vetements,T-shirts,Unisexe,L,Noir,167.47,80.59,80
AC551,Accessoires Chaussettes,Accessoires,Chaussettes,Femme,XS,Blanc,251.21,123.28,90
CR321,Chaussures Running,Chaussures,Running,Homme,45,Rouge,219.5,105.71,27
AC980,Accessoires Casquettes,Accessoires,Casquettes,Femme,XS,Blanc,79.06,24.07,46
VS361,Vetements Shorts,Vetements,Shorts,Homme,L,Noir,198.14,104.42,18
VS887,Vetements Sweats,Vetements,Sweats,Homme,L,Noir,84.92,45.98,40
AC132,Accessoires Chaussettes,Accessoires,Chaussettes,Femme,M,Bleu,199.63,101.71,11
VS238,Vetements Sweats,Vetements,Sweats,Femme,M,Noir,235.42,126.34,93
VS896,Vetements Shorts,Vetements,Shorts,Homme,L,Noir,119.34,67.91,35
AS636,Accessoires Sacs,Accessoires,Sacs,Femme,XS,Rouge,188.72,91.78,22
VS965,Vetements Shorts,Vetements,Shorts,Femme,XS,Rouge,188.35,83.8,44
AS448,Accessoires Sacs,Accessoires,Sacs,Femme,XL,Noir,240.85,109.91,90
CF518,Chaussures Football,Chaussures,Football,Homme,37,Bleu,218.86,113.75,99
VT288,Vetements T-shirts,Vetements,T-shirts,Homme,S,Rouge,103.76,51.41,34
VT755,Vetements T-shirts,Vetements,T-shirts,Homme,XS,Bleu,69.83,24.8,91
CB881,Chaussures Basketball,Chaussures,Basketball,Homme,41,Blanc,144.33,63.94,82
CR965,Chaussures Running,Chaussures,Running,Unisexe,40,Jaune,273.18,94.18,11
VS654,Vetements Sweats,Vetements,Sweats,Homme,XL,Blanc,273.78,141.86,62
AS268,Accessoires Sacs,Accessoires,Sacs,Unisexe,M,Blanc,170.91,95.66,48
CF887,Chaussures Football,Chaussures,Football,Femme,44,Rouge,203.96,99.85,25
AS664,Accessoires Sacs,Accessoires,Sacs,Femme,L,Rouge,62.5,36.88,98
AC432,Accessoires Chaussettes,Accessoires,Chaussettes,Homme,M,Bleu,243.79,113.24,36
CF547,Chaussures Football,Chaussures,Football,Unisexe,36,Bleu,150.07,58.81,32
VS172,Vetements Sweats,Vetements,Sweats,Femme,S,Jaune,58.98,18.35,8
VS387,Vetements Sweats,Vetements,Sweats,Homme,XS,Vert,277.38,94.5,11
CB306,Chaussures Basketball,Chaussures,Basketball,Femme,42,Rouge,73.4,27.49,5
CF439,Chaussures Football,Chaussures,Football,Unisexe,35,Noir,229.81,101.07,15
VT406,Vetements T-shirts,Vetements,T-shirts,Femme,XL,Blanc,111.51,47.2,75
CF798,Chaussures Football,Chaussures,Football,Femme,37,Bleu,92.41,48.86,98
CB738,Chaussures Basketball,Chaussures,Basketball,Femme,39,Vert,222.79,72.05,11
VT696,Vetements T-shirts,Vetements,T-shirts,Unisexe,L,Noir,179.37,103.8,40
CB817,Chaussures Basketball,Chaussures,Basketball,Femme,45,Bleu,256.96,139.64,6
CB803,Chaussures Basketball,Chaussures,Basketball,Femme,39,Jaune,277.18,97.71,1
CR961,Chaussures Running,Chaussures,Running,Unisexe,42,Bleu,151.27,73.57,81
VS356,Vetements Shorts,Vetements,Shorts,Femme,XS,Jaune,218.87,89.09,85
VT888,Vetements T-shirts,Vetements,T-shirts,Homme,XL,Blanc,287.44,125.08,0
AS811,Accessoires Sacs,Accessoires,Sacs,Homme,M,Jaune,98.41,33.35,19
VS833,Vetements Shorts,Vetements,Shorts,Homme,XS,Jaune,74.98,23.65,37
VS160,Vetements Shorts,Vetements,Shorts,Femme,XS,Rouge,168.84,53.98,5
AC309,Accessoires Casquettes,Accessoires,Casquettes,Femme,S,Rouge,258.48,131.47,100
VS881,Vetements Sweats,Vetements,Sweats,Homme,XS,Vert,126.18,75.35,38
AC449,Accessoires Casquettes,Accessoires,Casquettes,Homme,L,Noir,54.75,29.66,19
VS286,Vetements Shorts,Vetements,Shorts,Homme,XL,Bleu,138.27,71.02,22
VT638,Vetements T-shirts,Vetements,T-shirts,Homme,M,Noir,56.18,22.6,50
AC782,Accessoires Chaussettes,Accessoires,Chaussettes,Unisexe,L,Bleu,69.83,33.82,19
VT721,Vetements T-shirts,Vetements,T-shirts,Unisexe,L,Vert,130.01,51.93,3
VS775,Vetements Sweats,Vetements,Sweats,Homme,XS,Bleu,149.8,58.22,7
VS592,Vetements Shorts,Vetements,Shorts,Femme,M,Blanc,201.14,75.14,35
VT183,Vetements T-shirts,Vetements,T-shirts,Femme,XS,Jaune,87.8,43.46,56
VT293,Vetements T-shirts,Vetements,T-shirts,Femme,XL,Noir,131.21,74.36,93
AC539,Accessoires Casquettes,Accessoires,Casquettes,Homme,XS,Jaune,197.08,70.77,51
CF772,Chaussures Football,Chaussures,Football,Homme,40,Jaune,154.0,46.54,69
CB976,Chaussures Basketball,Chaussures,Basketball,Unisexe,39,Blanc,142.42,61.55,82
VS960,Vetements Shorts,Vetements,Shorts,Femme,M,Rouge,176.22,58.79,53
CF385,Chaussures Football,Chaussures,Football,Homme,35,Noir,108.95,39.62,11
AC207,Accessoires Chaussettes,Accessoires,Chaussettes,Homme,XS,Bleu,107.12,32.9,35
AC688,Accessoires Casquettes,Accessoires,Casquettes,Unisexe,S,Jaune,276.06,91.79,6
CB279,Chaussures Basketball,Chaussures,Basketball,Homme,45,Rouge,122.63,66.77,70
AS999,Accessoires Sacs,Accessoires,Sacs,Homme,L,Vert,72.35,39.65,84
VS724,Vetements Shorts,Vetements,Shorts,Homme,L,Blanc,112.69,55.61,42
VT311,Vetements T-shirts,Vetements,T-shirts,Femme,S,Noir,171.81,57.21,5
CB629,Chaussures Basketball,Chaussures,Basketball,Femme,42,Blanc,268.25,124.42,84
AS305,Accessoires Sacs,Accessoires,Sacs,Femme,S,Bleu,146.47,60.08,51
CR498,Chaussures Running,Chaussures,Running,Homme,41,Blanc,202.34,69.04,85
AC498,Accessoires Chaussettes,Accessoires,Chaussettes,Unisexe,XL,Noir,107.59,47.24,46
VS203,Vetements Shorts,Vetements,Shorts,Homme,XS,Jaune,60.94,30.3,86
VS762,Vetements Shorts,Vetements,Shorts,Unisexe,XS,Blanc,236.04,130.38,10
AC277,Accessoires Casquettes,Accessoires,Casquettes,Homme,L,Blanc,207.55,78.97,85
VT226,Vetements T-shirts,Vetements,T-shirts,Homme,M,Noir,118.11,48.21,16
CF593,Chaussures Football,Chaussures,Football,Femme,44,Jaune,259.12,78.77,98
CB383,Chaussures Basketball,Chaussures,Basketball,Homme,42,Jaune,63.63,28.44,38
CB499,Chaussures Basketball,Chaussures,Basketball,Unisexe,43,Noir,143.73,85.26,45
AC410,Accessoires Casquettes,Accessoires,Casquettes,Unisexe,L,Rouge,171.58,55.99,37
AC183,Accessoires Casquettes,Accessoires,Casquettes,Homme,XS,Blanc,109.17,40.55,37
AS330,Accessoires Sacs,Accessoires,Sacs,Femme,M,Rouge,76.87,32.67,97
VS326,Vetements Sweats,Vetements,Sweats,Homme,XS,Jaune,60.37,35.79,53
AC457,Accessoires Chaussettes,Accessoires,Chaussettes,Homme,L,Blanc,95.14,45.93,50
AC739,Accessoires Chaussettes,Accessoires,Chaussettes,Unisexe,XL,Blanc,84.07,40.48,61
AC927,Accessoires Casquettes,Accessoires,Casquettes,Femme,XL,Blanc,269.94,141.55,68
VS945,Vetements Sweats,Vetements,Sweats,Femme,S,Vert,124.6,40.87,60
VS593,Vetements Shorts,Vetements,Shorts,Unisexe,XS,Bleu,197.34,102.46,48
VS471,Vetements Sweats,Vetements,Sweats,Homme,XL,Bleu,95.24,47.28,5
AS171,Accessoires Sacs,Accessoires,Sacs,Unisexe,XL,Jaune,56.16,25.84,78
CB380,Chaussures Basketball,Chaussures,Basketball,Unisexe,44,Vert,235.52,100.09,97
CR239,Chaussures Running,Chaussures,Running,Femme,35,Vert,158.87,71.3,56
VS407,Vetements Sweats,Vetements,Sweats,Femme,XL,Rouge,209.33,112.69,51
AC835,Accessoires Chaussettes,Accessoires,Chaussettes,Unisexe,M,Jaune,220.67,113.12,43
AC345,Accessoires Casquettes,Accessoires,Casquettes,Unisexe,XL,Rouge,81.34,33.85,97
VT102,Vetements T-shirts,Vetements,T-shirts,Homme,S,Vert,293.21,116.99,22
CF283,Chaussures Football,Chaussures,Football,Homme,41,Vert,205.04,117.29,8
VT541,Vetements T-shirts,Vetements,T-shirts,Homme,XL,Rouge,54.38,20.17,64
AS970,Accessoires Sacs,Accessoires,Sacs,Unisexe,S,Blanc,139.68,72.5,11
AC256,Accessoires Chaussettes,Accessoires,Chaussettes,Femme,S,Rouge,80.25,25.26,40
VT648,Vetements T-shirts,Vetements,T-shirts,Femme,XL,Noir,103.15,33.58,80
VT258,Vetements T-shirts,Vetements,T-shirts,Homme,S,Bleu,260.76,107.77,39
VS481,Vetements Shorts,Vetements,Shorts,Femme,L,Vert,109.71,63.94,62
VT180,Vetements T-shirts,Vetements,T-shirts,Unisexe,XL,Rouge,206.32,85.41,98
VT409,Vetements T-shirts,Vetements,T-shirts,Homme,L,Rouge,247.99,123.72,63
CB573,Chaussures Basketball,Chaussures,Basketball,Unisexe,44,Blanc,58.6,19.43,10
CR664,Chaussures Running,Chaussures,Running,Unisexe,42,Blanc,234.44,109.34,30
CB858,Chaussures Basketball,Chaussures,Basketball,Unisexe,39,Jaune,254.39,140.09,57
CF296,Chaussures Football,Chaussures,Football,Femme,44,Noir,145.87,54.31,72
AS553,Accessoires Sacs,Accessoires,Sacs,Homme,M,Noir,113.02,45.16,25
VS173,Vetements Sweats,Vetements,Sweats,Unisexe,L,Vert,66.07,33.59,86
VT660,Vetements T-shirts,Vetements,T-shirts,Homme,S,Rouge,51.44,24.1,58
AS542,Accessoires Sacs,Accessoires,Sacs,Femme,L,Bleu,105.02,46.72,94
CR632,Chaussures Running,Chaussures,Running,Femme,35,Noir,218.52,77.45,44
CF836,Chaussures Football,Chaussures,Football,Femme,38,Vert,206.39,118.5,53
CB664,Chaussures Basketball,Chaussures,Basketball,Unisexe,36,Vert,264.02,83.84,74
CF694,Chaussures Football,Chaussures,Football,Unisexe,43,Noir,58.18,20.77,64
VS661,Vetements Sweats,Vetements,Sweats,Homme,L,Noir,183.27,63.31,53
CR146,Chaussures Running,Chaussures,Running,Homme,41,Noir,100.43,33.15,12
CF779,Chaussures Football,Chaussures,Football,Homme,38,Vert,102.28,41.41,98
VS229,Vetements Shorts,Vetements,Shorts,Femme,S,Jaune,267.67,149.22,44
CB909,Chaussures Basketball,Chaussures,Basketball,Homme,38,Vert,90.04,49.85,60
AC368,Accessoires Casquettes,Accessoires,Casquettes,Unisexe,XL,Noir,239.09,128.79,66
CF318,Chaussures Football,Chaussures,Football,Unisexe,37,Noir,146.22,47.08,41
AC285,Accessoires Casquettes,Accessoires,Casquettes,Femme,XL,Jaune,52.53,18.18,50
VS308,Vetements Sweats,Vetements,Sweats,Unisexe,L,Rouge,225.34,77.38,81
AC734,Accessoires Chaussettes,Accessoires,Chaussettes,Homme,L,Vert,276.43,83.18,33
AC244,Accessoires Casquettes,Accessoires,Casquettes,Unisexe,XS,Vert,108.83,47.26,66
AC554,Accessoires Chaussettes,Accessoires,Chaussettes,Femme,M,Vert,74.5,29.57,77
CB324,Chaussures Basketball,Chaussures,Basketball,Homme,39,Jaune,159.21,63.87,51
AS885,Accessoires Sacs,Accessoires,Sacs,Femme,M,Blanc,121.7,54.21,49
VS700,Vetements Sweats,Vetements,Sweats,Unisexe,L,Rouge,126.14,50.55,1
AC499,Accessoires Chaussettes,Accessoires,Chaussettes,Femme,L,Vert,263.23,116.42,75
CB389,Chaussures Basketball,Chaussures,Basketball,Femme,44,Jaune,80.67,36.4,41
AC301,Accessoires Chaussettes,Accessoires,Chaussettes,Femme,XS,Jaune,119.51,52.68,45
CR826,Chaussures Running,Chaussures,Running,Femme,45,Bleu,243.73,109.49,21
CR774,Chaussures Running,Chaussures,Running,Homme,37,Blanc,94.43,33.73,88
AC941,Accessoires Casquettes,Accessoires,Casquettes,Homme,M,Jaune,290.86,164.12,38
VS807,Vetements Sweats,Vetements,Sweats,Femme,M,Rouge,192.36,90.03,99
CB358,Chaussures Basketball,Chaussures,Basketball,Unisexe,39,Bleu,110.51,60.8,2
AC163,Accessoires Chaussettes,Accessoires,Chaussettes,Homme,XS,Blanc,179.15,73.97,76
VT213,Vetements T-shirts,Vetements,T-shirts,Femme,M,Noir,240.86,72.67,77
VT875,Vetements T-shirts,Vetements,T-shirts,Unisexe,XS,Jaune,98.63,43.58,38
AS666,Accessoires Sacs,Accessoires,Sacs,Homme,M,Rouge,256.73,95.13,78
AC318,Accessoires Casquettes,Accessoires,Casquettes,Femme,M,Noir,191.44,96.94,58
CR488,Chaussures Running,Chaussures,Running,Homme,35,Noir,236.94,108.95,63
CR832,Chaussures Running,Chaussures,Running,Femme,42,Bleu,184.27,56.06,97
CR525,Chaussures Running,Chaussures,Running,Femme,36,Rouge,195.85,103.51,73
VS877,Vetements Shorts,Vetements,Shorts,Unisexe,M,Jaune,145.93,55.68,35
VT880,Vetements T-shirts,Vetements,T-shirts,Homme,XL,Noir,227.96,124.43,86
CF370,Chaussures Football,Chaussures,Football,Unisexe,44,Noir,260.18,85.63,41
AC365,Accessoires Casquettes,Accessoires,Casquettes,Femme,S,Vert,215.14,107.24,46
VT591,Vetements T-shirts,Vetements,T-shirts,Femme,XL,Vert,195.83,71.33,41
AC665,Accessoires Casquettes,Accessoires,Casquettes,Femme,XS,Bleu,52.02,26.81,78
VS723,Vetements Shorts,Vetements,Shorts,Homme,M,Blanc,215.03,87.08,46
AC398,Accessoires Chaussettes,Accessoires,Chaussettes,Femme,XL,Vert,207.91,107.96,63
AS966,Accessoires Sacs,Accessoires,Sacs,Homme,XS,Rouge,75.84,36.03,32
AC794,Accessoires Chaussettes,Accessoires,Chaussettes,Femme,M,Vert,105.52,46.4,85
AC373,Accessoires Casquettes,Accessoires,Casquettes,Femme,XL,Noir,282.41,104.58,55
VS286,Vetements Shorts,Vetements,Shorts,Homme,M,Jaune,257.29,148.48,80
VS301,Vetements Shorts,Vetements,Shorts,Unisexe,XS,Blanc,179.77,77.95,81
CB800,Chaussures Basketball,Chaussures,Basketball,Unisexe,43,Rouge,187.54,72.3,32
CF107,Chaussures Football,Chaussures,Football,Femme,44,Vert,53.84,24.31,98
CR327,Chaussures Running,Chaussures,Running,Unisexe,40,Bleu,259.83,96.32,67
VS566,Vetements Sweats,Vetements,Sweats,Unisexe,L,Bleu,176.19,58.79,23
AC513,Accessoires Casquettes,Accessoires,Casquettes,Femme,L,Vert,135.67,47.6,95
AS288,Accessoires Sacs,Accessoires,Sacs,Femme,XL,Rouge,284.79,104.99,11
CF211,Chaussures Football,Chaussures,Football,Unisexe,40,Noir,140.74,74.79,50
VS660,Vetements Sweats,Vetements,Sweats,Homme,XL,Noir,173.39,54.44,39
CF991,Chaussures Football,Chaussures,Football,Unisexe,42,Bleu,297.77,153.34,0
CF935,Chaussures Football,Chaussures,Football,Femme,44,Blanc,271.5,124.74,25
CB837,Chaussures Basketball,Chaussures,Basketball,Femme,41,Jaune,136.76,47.28,100
AC961,Accessoires Chaussettes,Accessoires,Chaussettes,Unisexe,XS,Blanc,221.4,81.58,41
CF156,Chaussures Football,Chaussures,Football,Unisexe,38,Blanc,89.7,45.25,2
AS606,Accessoires Sacs,Accessoires,Sacs,Unisexe,S,Vert,218.78,87.2,0
CB149,Chaussures Basketball,Chaussures,Basketball,Femme,44,Vert,177.51,104.56,42
VS584,Vetements Sweats,Vetements,Sweats,Homme,M,Bleu,69.97,27.43,33
VS392,Vetements Sweats,Vetements,Sweats,Unisexe,M,Bleu,276.5,93.47,55
AS701,Accessoires Sacs,Accessoires,Sacs,Unisexe,XL,Noir,119.01,60.16,28
AC670,Accessoires Chaussettes,Accessoires,Chaussettes,Femme,XL,Vert,241.95,95.52,25
CF693,Chaussures Football,Chaussures,Football,Unisexe,38,Vert,285.41,150.89,84
VT769,Vetements T-shirts,Vetements,T-shirts,Unisexe,M,Bleu,114.19,59.14,15
AS606,Accessoires Sacs,Accessoires,Sacs,Homme,XS,Jaune,207.47,86.08,22
VS368,Vetements Shorts,Vetements,Shorts,Unisexe,XL,Blanc,140.75,56.03,74
CF128,Chaussures Football,Chaussures,Football,Homme,38,Bleu,166.06,58.67,11
CF181,Chaussures Football,Chaussures,Football,Femme,39,Rouge,282.7,91.99,57
CR742,Chaussures Running,Chaussures,Running,Femme,37,Jaune,227.73,129.07,46
VS594,Vetements Shorts,Vetements,Shorts,Homme,M,Blanc,232.99,110.06,39
AC825,Accessoires Casquettes,Accessoires,Casquettes,Homme,L,Vert,262.11,81.17,82
AS906,Accessoires Sacs,Accessoires,Sacs,Femme,S,Rouge,93.91,49.06,25
AC359,Accessoires Casquettes,Accessoires,Casquettes,Homme,XL,Bleu,86.55,36.26,93
AC968,Accessoires Chaussettes,Accessoires,Chaussettes,Homme,XS,Noir,291.31,144.98,33
VS275,Vetements Shorts,Vetements,Shorts,Homme,XS,Blanc,97.93,49.28,14
VS693,Vetements Shorts,Vetements,Shorts,Homme,XL,Blanc,178.94,93.06,58
CF120,Chaussures Football,Chaussures,Football,Unisexe,40,Vert,261.94,90.17,52
VT626,Vetements T-shirts,Vetements,T-shirts,Unisexe,L,Bleu,258.96,137.24,32
CF457,Chaussures Football,Chaussures,Football,Homme,35,Vert,134.46,60.17,47
AC910,Accessoires Casquettes,Accessoires,Casquettes,Unisexe,M,Jaune,266.88,139.21,83
CR391,Chaussures Running,Chaussures,Running,Femme,39,Blanc,87.81,43.81,46
CB937,Chaussures Basketball,Chaussures,Basketball,Homme,41,Jaune,294.59,117.17,80
AC573,Accessoires Chaussettes,Accessoires,Chaussettes,Homme,XL,Vert,54.45,19.57,97
AC969,Accessoires Chaussettes,Accessoires,Chaussettes,Homme,M,Blanc,200.61,118.43,77
AC471,Accessoires Casquettes,Accessoires,Casquettes,Unisexe,XL,Vert,86.54,41.17,16
VS872,Vetements Sweats,Vetements,Sweats,Unisexe,S,Jaune,264.11,131.6,67
AS811,Accessoires Sacs,Accessoires,Sacs,Homme,S,Noir,252.94,146.32,91
CB969,Chaussures Basketball,Chaussures,Basketball,Unisexe,39,Jaune,226.85,81.82,61
AC596,Accessoires Chaussettes,Accessoires,Chaussettes,Femme,L,Blanc,76.4,40.43,88
CF647,Chaussures Football,Chaussures,Football,Femme,42,Rouge,195.26,106.85,11
CB546,Chaussures Basketball,Chaussures,Basketball,Homme,36,Rouge,79.96,30.53,58
AC731,Accessoires Casquettes,Accessoires,Casquettes,Femme,XL,Rouge,78.42,42.51,58
VS995,Vetements Shorts,Vetements,Shorts,Homme,M,Vert,180.64,108.24,12
VS458,Vetements Sweats,Vetements,Sweats,Unisexe,M,Bleu,223.79,85.88,98
VT203,Vetements T-shirts,Vetements,T-shirts,Unisexe,XS,Jaune,272.47,159.91,78
AC110,Accessoires Chaussettes,Accessoires,Chaussettes,Unisexe,S,Blanc,298.72,120.73,47
AS689,Accessoires Sacs,Accessoires,Sacs,Homme,L,Rouge,174.58,81.04,43
AC383,Accessoires Chaussettes,Accessoires,Chaussettes,Femme,XS,Noir,86.09,45.86,24
VS840,Vetements Shorts,Vetements,Shorts,Femme,S,Noir,226.69,77.41,2
CR246,Chaussures Running,Chaussures,Running,Femme,40,Vert,271.27,92.25,63
VS652,Vetements Shorts,Vetements,Shorts,Homme,S,Bleu,277.76,128.25,47
VS990,Vetements Shorts,Vetements,Shorts,Femme,L,Jaune,88.86,47.43,37
AC429,Accessoires Chaussettes,Accessoires,Chaussettes,Femme,M,Noir,82.26,46.79,99
CF463,Chaussures Football,Chaussures,Football,Femme,44,Bleu,258.3,111.54,67
VT104,Vetements T-shirts,Vetements,T-shirts,Homme,M,Vert,113.28,49.2,91
CB176,Chaussures Basketball,Chaussures,Basketball,Unisexe,42,Blanc,153.71,65.23,17
VS682,Vetements Sweats,Vetements,Sweats,Femme,L,Rouge,54.03,30.05,27
VT846,Vetements T-shirts,Vetements,T-shirts,Femme,XS,Noir,137.45,51.67,64
VT375,Vetements T-shirts,Vetements,T-shirts,Femme,S,Bleu,198.84,62.49,49
AS148,Accessoires Sacs,Accessoires,Sacs,Unisexe,XL,Rouge,277.2,102.38,99
AC372,Accessoires Casquettes,Accessoires,Casquettes,Homme,M,Vert,267.29,97.42,1
VS809,Vetements Sweats,Vetements,Sweats,Femme,L,Jaune,174.25,70.51,56
VS117,Vetements Shorts,Vetements,Shorts,Homme,L,Bleu,260.59,91.1,68
AS935,Accessoires Sacs,Accessoires,Sacs,Homme,XS,Rouge,285.61,110.1,84
AC114,Accessoires Chaussettes,Accessoires,Chaussettes,Unisexe,S,Rouge,111.79,65.68,26
VS234,Vetements Shorts,Vetements,Shorts,Femme,L,Bleu,168.37,75.57,48
AC360,Accessoires Casquettes,Accessoires,Casquettes,Femme,M,Jaune,64.16,21.7,84
CF101,Chaussures Football,Chaussures,Football,Unisexe,39,Noir,151.72,66.28,25
CB737,Chaussures Basketball,Chaussures,Basketball,Unisexe,37,Vert,268.2,159.52,64
AC465,Accessoires Casquettes,Accessoires,Casquettes,Unisexe,L,Rouge,281.94,147.89,98
VS771,Vetements Shorts,Vetements,Shorts,Unisexe,XS,Noir,291.03,162.0,99
AC451,Accessoires Chaussettes,Accessoires,Chaussettes,Homme,XL,Vert,111.16,60.54,14
AS182,Accessoires Sacs,Accessoires,Sacs,Unisexe,XS,Jaune,252.18,149.84,95
VT105,Vetements T-shirts,Vetements,T-shirts,Femme,XL,Noir,93.14,36.53,90
VT591,Vetements T-shirts,Vetements,T-shirts,Homme,L,Bleu,246.31,132.06,78
AS233,Accessoires Sacs,Accessoires,Sacs,Homme,L,Blanc,54.61,30.63,76
VS245,Vetements Shorts,Vetements,Shorts,Femme,XL,Noir,274.51,119.57,31
VS911,Vetements Sweats,Vetements,Sweats,Homme,XL,Vert,248.89,148.81,65
AC384,Accessoires Casquettes,Accessoires,Casquettes,Homme,M,Vert,295.06,139.52,17
AC946,Accessoires Chaussettes,Accessoires,Chaussettes,Unisexe,L,Rouge,92.93,32.4,26
CF876,Chaussures Football,Chaussures,Football,Homme,43,Noir,263.06,147.23,64
CB290,Chaussures Basketball,Chaussures,Basketball,Unisexe,35,Bleu,241.38,120.79,96
CR147,Chaussures Running,Chaussures,Running,Femme,39,Blanc,128.62,40.55,92
AC647,Accessoires Chaussettes,Accessoires,Chaussettes,Unisexe,S,Blanc,138.95,64.9,77
AS193,Accessoires Sacs,Accessoires,Sacs,Femme,S,Rouge,269.86,156.56,56
CB467,Chaussures Basketball,Chaussures,Basketball,Femme,38,Jaune,71.46,32.92,74
AC436,Accessoires Chaussettes,Accessoires,Chaussettes,Homme,L,Bleu,244.9,124.14,18
CB137,Chaussures Basketball,Chaussures,Basketball,Unisexe,37,Blanc,120.28,48.43,3
AC644,Accessoires Chaussettes,Accessoires,Chaussettes,Unisexe,L,Rouge,183.51,106.91,60
VS235,Vetements Shorts,Vetements,Shorts,Unisexe,S,Noir,88.27,46.02,30
VS340,Vetements Shorts,Vetements,Shorts,Homme,M,Jaune,225.18,120.77,9
VT596,Vetements T-shirts,Vetements,T-shirts,Unisexe,S,Vert,88.29,34.38,43
CF863,Chaussures Football,Chaussures,Football,Homme,38,Bleu,205.76,98.86,32
CR848,Chaussures Running,Chaussures,Running,Unisexe,35,Vert,142.82,73.9,35
AC509,Accessoires Chaussettes,Accessoires,Chaussettes,Unisexe,M,Noir,202.25,116.42,82
AC939,Accessoires Casquettes,Accessoires,Casquettes,Homme,L,Blanc,95.79,40.97,94
VS481,Vetements Shorts,Vetements,Shorts,Unisexe,S,Bleu,185.55,88.58,57
VS526,Vetements Sweats,Vetements,Sweats,Homme,XS,Blanc,83.26,25.3,8
VS365,Vetements Shorts,Vetements,Shorts,Homme,S,Vert,257.41,104.73,69
VS397,Vetements Shorts,Vetements,Shorts,Homme,M,Jaune,272.43,133.95,37
AC941,Accessoires Chaussettes,Accessoires,Chaussettes,Homme,L,Vert,184.49,59.09,19
AS213,Accessoires Sacs,Accessoires,Sacs,Homme,XS,Bleu,132.56,65.17,97
CB885,Chaussures Basketball,Chaussures,Basketball,Homme,41,Vert,54.95,17.04,17
CR380,Chaussures Running,Chaussures,Running,Femme,41,Noir,257.62,87.26,25
CF602,Chaussures Football,Chaussures,Football,Homme,44,Rouge,73.53,30.76,25
AC392,Accessoires Chaussettes,Accessoires,Chaussettes,Femme,M,Blanc,287.46,115.49,19
CB371,Chaussures Basketball,Chaussures,Basketball,Femme,45,Bleu,131.18,73.89,65
VS497,Vetements Shorts,Vetements,Shorts,Unisexe,M,Jaune,209.67,114.39,64
CR254,Chaussures Running,Chaussures,Running,Unisexe,41,Rouge,253.95,99.9,72
VT266,Vetements T-shirts,Vetements,T-shirts,Femme,XS,Vert,288.93,98.26,73
AC757,Accessoires Chaussettes,Accessoires,Chaussettes,Homme,L,Blanc,279.46,91.09,69
AS974,Accessoires Sacs,Accessoires,Sacs,Femme,L,Rouge,210.66,117.4,43
CR798,Chaussures Running,Chaussures,Running,Unisexe,41,Jaune,174.45,93.1,87
CR528,Chaussures Running,Chaussures,Running,Femme,41,Bleu,280.62,118.02,61
VS155,Vetements Sweats,Vetements,Sweats,Femme,XL,Bleu,96.59,41.3,60
CF510,Chaussures Football,Chaussures,Football,Homme,42,Vert,213.43,70.73,97
CB920,Chaussures Basketball,Chaussures,Basketball,Homme,42,Bleu,144.26,65.56,84
AC830,Accessoires Chaussettes,Accessoires,Chaussettes,Unisexe,M,Noir,199.41,115.28,52
CF592,Chaussures Football,Chaussures,Football,Femme,36,Vert,262.68,99.49,94
CF234,Chaussures Football,Chaussures,Football,Unisexe,45,Bleu,135.41,50.8,1
VT533,Vetements T-shirts,Vetements,T-shirts,Femme,M,Vert,219.74,91.79,63
AC161,Accessoires Casquettes,Accessoires,Casquettes,Femme,S,Noir,276.36,163.65,90
VT865,Vetements T-shirts,Vetements,T-shirts,Homme,XS,Vert,257.77,130.42,40
CR700,Chaussures Running,Chaussures,Running,Homme,45,Rouge,229.76,101.04,55
CB265,Chaussures Basketball,Chaussures,Basketball,Homme,43,Vert,175.73,89.35,19
AS729,Accessoires Sacs,Accessoires,Sacs,Femme,XL,Vert,243.79,127.31,47
VT993,Vetements T-shirts,Vetements,T-shirts,Homme,M,Rouge,221.95,88.22,84
CR501,Chaussures Running,Chaussures,Running,Homme,45,Rouge,209.03,103.72,87
VT853,Vetements T-shirts,Vetements,T-shirts,Femme,M,Blanc,159.15,66.21,64
AS493,Accessoires Sacs,Accessoires,Sacs,Homme,L,Jaune,244.97,107.66,56
CR216,Chaussures Running,Chaussures,Running,Femme,39,Noir,62.92,28.97,61
VT450,Vetements T-shirts,Vetements,T-shirts,Unisexe,S,Rouge,196.89,87.5,49
AC217,Accessoires Casquettes,Accessoires,Casquettes,Femme,XS,Noir,224.58,110.58,91
VS875,Vetements Sweats,Vetements,Sweats,Femme,XL,Vert,200.88,90.73,55
CR857,Chaussures Running,Chaussures,Running,Femme,39,Blanc,137.62,63.88,45
VS518,Vetements Sweats,Vetements,Sweats,Femme,XL,Rouge,249.75,112.55,57
CF549,Chaussures Football,Chaussures,Football,Femme,44,Rouge,101.09,31.01,17
VS354,Vetements Sweats,Vetements,Sweats,Femme,XL,Blanc,102.47,44.1,47
VS338,Vetements Shorts,Vetements,Shorts,Unisexe,XL,Blanc,153.32,73.95,64
AC146,Accessoires Chaussettes,Accessoires,Chaussettes,Femme,L,Noir,182.68,64.28,14
AC861,Accessoires Chaussettes,Accessoires,Chaussettes,Unisexe,M,Blanc,185.6,73.28,52
CB428,Chaussures Basketball,Chaussures,Basketball,Femme,44,Rouge,292.52,116.23,8
VS195,Vetements Sweats,Vetements,Sweats,Homme,M,Bleu,67.78,29.29,4
VT144,Vetements T-shirts,Vetements,T-shirts,Unisexe,L,Noir,192.78,109.37,87
VS977,Vetements Sweats,Vetements,Sweats,Femme,L,Vert,297.29,98.73,21
AC753,Accessoires Chaussettes,Accessoires,Chaussettes,Femme,XL,Bleu,68.68,28.02,34
AC214,Accessoires Chaussettes,Accessoires,Chaussettes,Unisexe,XL,Vert,165.02,73.02,33
AS280,Accessoires Sacs,Accessoires,Sacs,Femme,M,Jaune,74.53,37.01,21
CR235,Chaussures Running,Chaussures,Running,Unisexe,38,Noir,205.38,88.46,84
CF734,Chaussures Football,Chaussures,Football,Femme,39,Blanc,101.04,38.67,85
VS352,Vetements Shorts,Vetements,Shorts,Homme,M,Rouge,295.34,89.73,55
AC426,Accessoires Chaussettes,Accessoires,Chaussettes,Homme,XL,Vert,236.21,140.86,53
AC349,Accessoires Chaussettes,Accessoires,Chaussettes,Homme,M,Rouge,108.01,39.3,68
AC800,Accessoires Casquettes,Accessoires,Casquettes,Unisexe,L,Blanc,147.24,80.49,70
CF835,Chaussures Football,Chaussures,Football,Femme,40,Rouge,159.61,53.05,49
AC491,Accessoires Chaussettes,Accessoires,Chaussettes,Homme,M,Bleu,62.14,27.68,67
CF416,Chaussures Football,Chaussures,Football,Unisexe,45,Rouge,67.47,32.69,42
VS916,Vetements Shorts,Vetements,Shorts,Unisexe,M,Vert,83.44,43.72,41
CF578,Chaussures Football,Chaussures,Football,Unisexe,36,Jaune,172.96,87.95,19
AS396,Accessoires Sacs,Accessoires,Sacs,Unisexe,XL,Vert,70.59,40.4,9
AS952,Accessoires Sacs,Accessoires,Sacs,Homme,XL,Vert,257.35,117.55,20
AC620,Accessoires Chaussettes,Accessoires,Chaussettes,Femme,XL,Jaune,224.74,93.39,84
VS220,Vetements Sweats,Vetements,Sweats,Homme,L,Blanc,161.33,72.1,81
AC452,Accessoires Casquettes,Accessoires,Casquettes,Unisexe,XS,Rouge,62.13,27.74,4
AC268,Accessoires Casquettes,Accessoires,Casquettes,Unisexe,XS,Bleu,101.97,47.24,57
AS312,Accessoires Sacs,Accessoires,Sacs,Homme,XS,Vert,127.24,66.78,93
AC980,Accessoires Casquettes,Accessoires,Casquettes,Homme,L,Vert,224.33,120.26,69
AC899,Accessoires Casquettes,Accessoires,Casquettes,Homme,XS,Blanc,274.68,130.65,3
VS667,Vetements Shorts,Vetements,Shorts,Homme,XS,Vert,268.56,125.27,14
VS861,Vetements Sweats,Vetements,Sweats,Homme,S,Rouge,54.59,21.2,17
VS324,Vetements Shorts,Vetements,Shorts,Homme,S,Rouge,194.23,77.25,64
CF795,Chaussures Football,Chaussures,Football,Homme,38,Bleu,208.71,70.94,21
VS191,Vetements Shorts,Vetements,Shorts,Femme,XL,Noir,180.25,101.48,13
AS551,Accessoires Sacs,Accessoires,Sacs,Unisexe,S,Noir,51.84,19.72,96
AC135,Accessoires Casquettes,Accessoires,Casquettes,Unisexe,XL,Noir,296.9,93.47,49
VS170,Vetements Sweats,Vetements,Sweats,Homme,XL,Noir,133.35,78.06,49
CB415,Chaussures Basketball,Chaussures,Basketball,Homme,35,Blanc,162.02,95.13,75
CB795,Chaussures Basketball,Chaussures,Basketball,Femme,36,Bleu,51.93,23.93,96
AS811,Accessoires Sacs,Accessoires,Sacs,Femme,L,Jaune,233.04,106.84,54
CR814,Chaussures Running,Chaussures,Running,Homme,38,Blanc,112.39,49.66,44
VT168,Vetements T-shirts,Vetements,T-shirts,Unisexe,XL,Bleu,58.4,30.44,96
VS988,Vetements Shorts,Vetements,Shorts,Unisexe,L,Bleu,106.71,52.51,87
CB778,Chaussures Basketball,Chaussures,Basketball,Femme,45,Bleu,233.07,133.49,56
AC146,Accessoires Chaussettes,Accessoires,Chaussettes,Femme,S,Blanc,181.04,97.51,38
CR376,Chaussures Running,Chaussures,Running,Unisexe,38,Vert,78.0,34.84,33
CR898,Chaussures Running,Chaussures,Running,Femme,36,Vert,99.71,50.55,7
AC430,Accessoires Casquettes,Accessoires,Casquettes,Unisexe,S,Jaune,187.76,64.88,97
VT512,Vetements T-shirts,Vetements,T-shirts,Femme,M,Rouge,259.31,97.34,68
CR575,Chaussures Running,Chaussures,Running,Unisexe,35,Blanc,167.48,68.24,40
CB792,Chaussures Basketball,Chaussures,Basketball,Femme,42,Rouge,182.36,56.12,18
AC871,Accessoires Casquettes,Accessoires,Casquettes,Homme,M,Bleu,116.19,48.2,98
CR653,Chaussures Running,Chaussures,Running,Femme,42,Noir,122.37,57.21,32
AC719,Accessoires Chaussettes,Accessoires,Chaussettes,Unisexe,XS,Noir,209.1,76.13,42
AC744,Accessoires Casquettes,Accessoires,Casquettes,Unisexe,S,Jaune,123.51,42.47,13
AS362,Accessoires Sacs,Accessoires,Sacs,Unisexe,M,Blanc,259.23,124.27,14
VS697,Vetements Shorts,Vetements,Shorts,Homme,XS,Bleu,104.66,36.62,56
CB311,Chaussures Basketball,Chaussures,Basketball,Homme,45,Bleu,242.01,75.41,66
AC487,Accessoires Chaussettes,Accessoires,Chaussettes,Homme,M,Vert,92.67,40.86,91
VT912,Vetements T-shirts,Vetements,T-shirts,Unisexe,XL,Blanc,77.4,35.42,31
AS673,Accessoires Sacs,Accessoires,Sacs,Femme,XL,Bleu,269.41,144.46,22
CF597,Chaussures Football,Chaussures,Football,Unisexe,35,Vert,152.0,62.05,78
CB223,Chaussures Basketball,Chaussures,Basketball,Unisexe,42,Jaune,152.97,62.37,88
VS249,Vetements Shorts,Vetements,Shorts,Homme,M,Jaune,156.11,53.59,58
AS676,Accessoires Sacs,Accessoires,Sacs,Femme,M,Blanc,173.99,57.05,62
CF128,Chaussures Football,Chaussures,Football,Unisexe,45,Jaune,281.28,117.71,91
AC333,Accessoires Chaussettes,Accessoires,Chaussettes,Femme,S,Noir,164.49,70.73,57
VS811,Vetements Sweats,Vetements,Sweats,Unisexe,XS,Blanc,171.75,61.5,54
CF850,Chaussures Football,Chaussures,Football,Unisexe,36,Vert,67.78,21.58,36
VT287,Vetements T-shirts,Vetements,T-shirts,Femme,M,Blanc,164.59,75.93,75
AC597,Accessoires Casquettes,Accessoires,Casquettes,Femme,M,Bleu,77.82,29.79,27
VT635,Vetements T-shirts,Vetements,T-shirts,Homme,M,Jaune,52.98,20.89,47
VS526,Vetements Sweats,Vetements,Sweats,Homme,L,Bleu,115.52,63.0,61
CF323,Chaussures Football,Chaussures,Football,Femme,41,Noir,178.44,102.48,80
CR178,Chaussures Running,Chaussures,Running,Femme,36,Noir,126.98,67.03,55
CB747,Chaussures Basketball,Chaussures,Basketball,Unisexe,43,Vert,242.36,103.15,12
VS350,Vetements Shorts,Vetements,Shorts,Femme,M,Vert,137.89,44.35,42
CR365,Chaussures Running,Chaussures,Running,Homme,40,Bleu,138.91,76.73,3
CB420,Chaussures Basketball,Chaussures,Basketball,Femme,37,Bleu,232.03,100.6,85
AS188,Accessoires Sacs,Accessoires,Sacs,Unisexe,M,Noir,76.25,25.1,97
AC335,Accessoires Casquettes,Accessoires,Casquettes,Unisexe,L,Rouge,90.49,53.47,64
VS785,Vetements Shorts,Vetements,Shorts,Homme,XL,Noir,275.52,148.28,65
AC394,Accessoires Chaussettes,Accessoires,Chaussettes,Unisexe,XS,Rouge,240.91,95.25,21
VS443,Vetements Shorts,Vetements,Shorts,Unisexe,L,Noir,226.58,98.6,75
AC334,Accessoires Chaussettes,Accessoires,Chaussettes,Unisexe,XL,Vert,65.32,38.75,29
CB523,Chaussures Basketball,Chaussures,Basketball,Unisexe,39,Noir,72.9,38.92,4
AC423,Accessoires Casquettes,Accessoires,Casquettes,Homme,XS,Jaune,137.97,62.57,29
AS398,Accessoires Sacs,Accessoires,Sacs,Femme,L,Jaune,262.63,139.67,82
VT860,Vetements T-shirts,Vetements,T-shirts,Femme,M,Vert,174.73,81.81,36
AC478,Accessoires Chaussettes,Accessoires,Chaussettes,Homme,XL,Jaune,208.86,92.86,0
CF329,Chaussures Football,Chaussures,Football,Homme,39,Rouge,162.23,69.01,45
AC467,Accessoires Casquettes,Accessoires,Casquettes,Homme,S,Vert,58.94,21.91,19
CR593,Chaussures Running,Chaussures,Running,Femme,40,Bleu,53.85,22.71,59
CF182,Chaussures Football,Chaussures,Football,Unisexe,37,Noir,59.08,25.82,96
CF540,Chaussures Football,Chaussures,Football,Femme,42,Noir,275.35,151.22,15
AC360,Accessoires Chaussettes,Accessoires,Chaussettes,Femme,L,Vert,169.95,100.71,21
VS518,Vetements Shorts,Vetements,Shorts,Unisexe,M,Rouge,50.19,30.0,10
CB499,Chaussures Basketball,Chaussures,Basketball,Unisexe,35,Bleu,53.36,23.76,30
CR956,Chaussures Running,Chaussures,Running,Unisexe,35,Jaune,234.49,96.83,55
VT706,Vetements T-shirts,Vetements,T-shirts,Femme,XL,Jaune,291.48,99.71,5
AC178,Accessoires Casquettes,Accessoires,Casquettes,Femme,XS,Bleu,81.81,31.47,34
VS995,Vetements Shorts,Vetements,Shorts,Femme,XS,Rouge,297.87,164.03,26
AC667,Accessoires Casquettes,Accessoires,Casquettes,Homme,XL,Noir,130.84,47.04,95
AC192,Accessoires Casquettes,Accessoires,Casquettes,Femme,L,Rouge,203.73,85.22,37
VT327,Vetements T-shirts,Vetements,T-shirts,Femme,M,Bleu,190.37,94.99,95
AS596,Accessoires Sacs,Accessoires,Sacs,Unisexe,M,Bleu,258.94,122.96,60
AC342,Accessoires Chaussettes,Accessoires,Chaussettes,Unisexe,L,Jaune,100.38,46.69,39
AS289,Accessoires Sacs,Accessoires,Sacs,Homme,L,Bleu,181.65,80.69,53
CR341,Chaussures Running,Chaussures,Running,Unisexe,37,Vert,177.44,96.08,64
AS588,Accessoires Sacs,Accessoires,Sacs,Femme,S,Vert,75.27,31.21,78
VS215,Vetements Shorts,Vetements,Shorts,Unisexe,L,Bleu,275.84,151.36,15
AS717,Accessoires Sacs,Accessoires,Sacs,Homme,S,Bleu,264.51,108.13,23
VS664,Vetements Sweats,Vetements,Sweats,Femme,L,Vert,263.14,120.61,43
CB621,Chaussures Basketball,Chaussures,Basketball,Homme,40,Vert,252.18,126.68,0
VS777,Vetements Sweats,Vetements,Sweats,Unisexe,XS,Rouge,212.74,86.31,32
CB885,Chaussures Basketball,Chaussures,Basketball,Unisexe,42,Vert,260.79,137.96,13
AC801,Accessoires Casquettes,Accessoires,Casquettes,Unisexe,XS,Bleu,144.41,57.98,40
AC250,Accessoires Casquettes,Accessoires,Casquettes,Homme,M,Jaune,164.11,57.29,11
CR439,Chaussures Running,Chaussures,Running,Homme,40,Rouge,98.08,37.48,23
VS469,Vetements Sweats,Vetements,Sweats,Unisexe,L,Rouge,171.62,72.07,39
VS185,Vetements Shorts,Vetements,Shorts,Homme,L,Bleu,141.55,48.46,74
VS197,Vetements Shorts,Vetements,Shorts,Homme,L,Noir,136.04,51.06,42
AS244,Accessoires Sacs,Accessoires,Sacs,Homme,S,Blanc,62.99,22.2,23
VT405,Vetements T-shirts,Vetements,T-shirts,Homme,L,Blanc,131.47,77.46,19
CR490,Chaussures Running,Chaussures,Running,Homme,38,Rouge,218.06,81.65,70
AC384,Accessoires Chaussettes,Accessoires,Chaussettes,Femme,M,Vert,159.78,85.75,74
AS575,Accessoires Sacs,Accessoires,Sacs,Homme,XL,Bleu,284.75,146.57,28
VS647,Vetements Shorts,Vetements,Shorts,Femme,M,Bleu,143.04,70.33,87
CF389,Chaussures Football,Chaussures,Football,Homme,37,Jaune,269.53,89.98,83
AC776,Accessoires Casquettes,Accessoires,Casquettes,Unisexe,L,Bleu,280.17,127.66,86
VS253,Vetements Sweats,Vetements,Sweats,Unisexe,XL,Jaune,133.34,79.19,23
AC683,Accessoires Casquettes,Accessoires,Casquettes,Unisexe,XL,Jaune,228.69,101.65,21
VT955,Vetements T-shirts,Vetements,T-shirts,Femme,XL,Rouge,280.71,95.92,8
AC460,Accessoires Chaussettes,Accessoires,Chaussettes,Unisexe,XS,Jaune,64.2,21.37,15
CR630,Chaussures Running,Chaussures,Running,Femme,35,Bleu,218.11,92.99,63
AC597,Accessoires Chaussettes,Accessoires,Chaussettes,Unisexe,XL,Blanc,235.47,90.17,23
CF888,Chaussures Football,Chaussures,Football,Unisexe,35,Rouge,258.55,126.86,43
VT783,Vetements T-shirts,Vetements,T-shirts,Unisexe,S,Rouge,68.67,33.65,87
AC459,Accessoires Casquettes,Accessoires,Casquettes,Femme,XS,Noir,263.35,99.97,58
CB871,Chaussures Basketball,Chaussures,Basketball,Unisexe,44,Blanc,64.78,28.25,81
VS569,Vetements Shorts,Vetements,Shorts,Homme,M,Rouge,252.43,137.22,61
VS774,Vetements Sweats,Vetements,Sweats,Unisexe,S,Bleu,144.18,60.15,97
AS543,Accessoires Sacs,Accessoires,Sacs,Femme,XS,Blanc,65.58,37.5,62
VS285,Vetements Sweats,Vetements,Sweats,Unisexe,M,Rouge,133.79,41.78,64
CR595,Chaussures Running,Chaussures,Running,Femme,44,Jaune,178.18,74.21,65
VS474,Vetements Sweats,Vetements,Sweats,Femme,S,Noir,274.87,103.42,68
AS888,Accessoires Sacs,Accessoires,Sacs,Homme,M,Rouge,106.99,55.06,13
CB696,Chaussures Basketball,Chaussures,Basketball,Femme,45,Bleu,265.7,117.48,66
AC305,Accessoires Chaussettes,Accessoires,Chaussettes,Homme,XL,Noir,132.38,41.77,36
VS201,Vetements Sweats,Vetements,Sweats,Homme,L,Vert,91.03,33.87,22
AC690,Accessoires Chaussettes,Accessoires,Chaussettes,Unisexe,XS,Noir,150.89,64.75,81
CF768,Chaussures Football,Chaussures,Football,Unisexe,39,Blanc,290.77,131.08,20
AC768,Accessoires Chaussettes,Accessoires,Chaussettes,Femme,XS,Bleu,188.82,78.87,86
CR389,Chaussures Running,Chaussures,Running,Homme,43,Bleu,274.73,109.27,68
CF171,Chaussures Football,Chaussures,Football,Homme,36,Jaune,182.19,61.56,22
AC195,Accessoires Casquettes,Accessoires,Casquettes,Homme,XS,Jaune,121.55,53.89,85
AS717,Accessoires Sacs,Accessoires,Sacs,Femme,M,Jaune,215.96,107.42,23
VS541,Vetements Sweats,Vetements,Sweats,Femme,M,Noir,133.11,46.05,74
CF704,Chaussures Football,Chaussures,Football,Femme,41,Noir,226.41,87.49,17
CB390,Chaussures Basketball,Chaussures,Basketball,Femme,41,Rouge,183.85,93.93,56
CF184,Chaussures Football,Chaussures,Football,Homme,40,Blanc,142.58,50.73,90
VS971,Vetements Shorts,Vetements,Shorts,Femme,M,Vert,249.46,127.09,51
CF655,Chaussures Football,Chaussures,Football,Unisexe,36,Blanc,86.63,32.82,59
VS442,Vetements Sweats,Vetements,Sweats,Homme,M,Bleu,215.7,105.14,72
AC455,Accessoires Chaussettes,Accessoires,Chaussettes,Homme,L,Blanc,161.35,55.22,45
CR800,Chaussures Running,Chaussures,Running,Unisexe,38,Bleu,286.31,117.04,43
CR915,Chaussures Running,Chaussures,Running,Unisexe,44,Rouge,124.11,45.12,73
AC862,Accessoires Chaussettes,Accessoires,Chaussettes,Homme,L,Vert,266.19,109.47,54
AS820,Accessoires Sacs,Accessoires,Sacs,Unisexe,L,Noir,139.74,78.55,67
CF533,Chaussures Football,Chaussures,Football,Unisexe,44,Vert,83.77,27.16,77
AC813,Accessoires Casquettes,Accessoires,Casquettes,Unisexe,M,Noir,267.65,141.4,44
AC139,Accessoires Casquettes,Accessoires,Casquettes,Unisexe,M,Bleu,153.93,76.13,100
CB321,Chaussures Basketball,Chaussures,Basketball,Unisexe,35,Rouge,162.97,61.93,76
AC644,Accessoires Chaussettes,Accessoires,Chaussettes,Unisexe,XS,Bleu,150.49,74.75,23
VT343,Vetements T-shirts,Vetements,T-shirts,Homme,XS,Jaune,241.2,84.29,90
CR828,Chaussures Running,Chaussures,Running,Unisexe,44,Vert,83.53,43.21,82
AS398,Accessoires Sacs,Accessoires,Sacs,Homme,M,Noir,158.4,51.66,36
VT696,Vetements T-shirts,Vetements,T-shirts,Unisexe,XS,Vert,71.11,28.52,9
AC946,Accessoires Chaussettes,Accessoires,Chaussettes,Unisexe,XL,Bleu,140.63,79.12,52
AS670,Accessoires Sacs,Accessoires,Sacs,Unisexe,S,Jaune,260.9,131.62,67
CF621,Chaussures Football,Chaussures,Football,Homme,36,Noir,293.52,136.73,23
CF896,Chaussures Football,Chaussures,Football,Unisexe,38,Jaune,95.81,40.79,91
AC583,Accessoires Chaussettes,Accessoires,Chaussettes,Unisexe,XS,Jaune,61.7,19.89,6
AC931,Accessoires Chaussettes,Accessoires,Chaussettes,Femme,S,Bleu,82.33,36.7,8
CF167,Chaussures Football,Chaussures,Football,Femme,35,Blanc,216.01,102.22,67
VS571,Vetements Shorts,Vetements,Shorts,Unisexe,XL,Jaune,166.09,74.92,15
CB520,Chaussures Basketball,Chaussures,Basketball,Homme,40,Noir,264.42,158.31,31
VT407,Vetements T-shirts,Vetements,T-shirts,Femme,M,Rouge,202.64,111.5,95
VS591,Vetements Shorts,Vetements,Shorts,Femme,M,Vert,269.4,128.86,100
VT774,Vetements T-shirts,Vetements,T-shirts,Unisexe,L,Jaune,279.3,140.47,39
CF102,Chaussures Football,Chaussures,Football,Homme,38,Jaune,293.43,94.88,97
CF218,Chaussures Football,Chaussures,Football,Femme,36,Vert,50.24,22.44,28
AC616,Accessoires Chaussettes,Accessoires,Chaussettes,Femme,M,Blanc,177.44,97.74,73
AS554,Accessoires Sacs,Accessoires,Sacs,Femme,XS,Vert,289.11,121.38,36
AC540,Accessoires Chaussettes,Accessoires,Chaussettes,Homme,S,Bleu,141.55,82.01,16
CF179,Chaussures Football,Chaussures,Football,Homme,40,Bleu,219.03,111.91,82
VS795,Vetements Shorts,Vetements,Shorts,Unisexe,L,Noir,76.93,39.81,67
AC448,Accessoires Chaussettes,Accessoires,Chaussettes,Femme,XL,Blanc,250.13,122.35,96
AC673,Accessoires Chaussettes,Accessoires,Chaussettes,Unisexe,M,Jaune,296.26,131.16,39
AC327,Accessoires Casquettes,Accessoires,Casquettes,Unisexe,XS,Blanc,121.61,71.95,77
VS430,Vetements Shorts,Vetements,Shorts,Homme,L,Noir,66.89,27.62,49
AC985,Accessoires Casquettes,Accessoires,Casquettes,Homme,XS,Jaune,82.4,25.77,50
CR595,Chaussures Running,Chaussures,Running,Homme,37,Blanc,185.5,74.21,96
CR992,Chaussures Running,Chaussures,Running,Femme,44,Blanc,133.24,58.44,70
AC920,Accessoires Chaussettes,Accessoires,Chaussettes,Homme,L,Bleu,179.75,85.34,15
AC821,Accessoires Casquettes,Accessoires,Casquettes,Femme,XS,Blanc,186.49,94.54,70
VS224,Vetements Shorts,Vetements,Shorts,Femme,XS,Bleu,108.87,39.86,92
VS191,Vetements Sweats,Vetements,Sweats,Unisexe,M,Vert,263.39,113.28,47
AC572,Accessoires Casquettes,Accessoires,Casquettes,Unisexe,XS,Vert,190.38,94.1,30
CB286,Chaussures Basketball,Chaussures,Basketball,Unisexe,40,Noir,105.49,50.4,64
CB345,Chaussures Basketball,Chaussures,Basketball,Homme,41,Blanc,206.04,65.0,30
CF926,Chaussures Football,Chaussures,Football,Femme,43,Bleu,87.8,26.74,46
AS825,Accessoires Sacs,Accessoires,Sacs,Unisexe,S,Bleu,97.81,39.17,46
AC395,Accessoires Casquettes,Accessoires,Casquettes,Homme,XS,Vert,97.72,51.34,12
AC195,Accessoires Casquettes,Accessoires,Casquettes,Femme,L,Vert,112.22,34.05,47
AC371,Accessoires Chaussettes,Accessoires,Chaussettes,Femme,S,Blanc,78.7,26.13,72
AC495,Accessoires Chaussettes,Accessoires,Chaussettes,Homme,L,Jaune,257.35,97.69,13
VS482,Vetements Sweats,Vetements,Sweats,Homme,XS,Blanc,79.2,40.1,1
CB212,Chaussures Basketball,Chaussures,Basketball,Unisexe,38,Blanc,129.68,53.73,40
AC477,Accessoires Chaussettes,Accessoires,Chaussettes,Unisexe,XL,Noir,188.92,73.5,29
VS308,Vetements Shorts,Vetements,Shorts,Femme,M,Noir,258.56,121.57,79
AC670,Accessoires Casquettes,Accessoires,Casquettes,Homme,XS,Jaune,182.19,54.68,0
VS538,Vetements Shorts,Vetements,Shorts,Unisexe,L,Noir,191.01,81.98,64
AC847,Accessoires Casquettes,Accessoires,Casquettes,Unisexe,S,Vert,160.97,92.08,40
CF611,Chaussures Football,Chaussures,Football,Femme,41,Rouge,124.85,72.67,26
AC208,Accessoires Chaussettes,Accessoires,Chaussettes,Femme,XL,Blanc,278.67,83.98,45
AC898,Accessoires Chaussettes,Accessoires,Chaussettes,Femme,XS,Jaune,170.41,59.45,17
VS329,Vetements Shorts,Vetements,Shorts,Femme,L,Jaune,269.76,146.6,88
AC832,Accessoires Casquettes,Accessoires,Casquettes,Homme,L,Jaune,113.54,57.29,44
CR571,Chaussures Running,Chaussures,Running,Unisexe,44,Noir,117.88,58.39,29
AC164,Accessoires Casquettes,Accessoires,Casquettes,Femme,L,Blanc,89.42,31.48,70
CB531,Chaussures Basketball,Chaussures,Basketball,Femme,35,Bleu,56.29,19.41,13
CB553,Chaussures Basketball,Chaussures,Basketball,Unisexe,45,Bleu,188.15,78.64,58
AC943,Accessoires Casquettes,Accessoires,Casquettes,Unisexe,M,Bleu,159.66,92.41,17
AC970,Accessoires Casquettes,Accessoires,Casquettes,Unisexe,XL,Noir,197.64,61.5,29
CF593,Chaussures Football,Chaussures,Football,Femme,37,Bleu,138.84,48.0,52
VS317,Vetements Shorts,Vetements,Shorts,Femme,M,Jaune,171.32,67.72,72
VS955,Vetements Shorts,Vetements,Shorts,Unisexe,L,Bleu,162.04,79.81,63
CR954,Chaussures Running,Chaussures,Running,Homme,37,Bleu,141.74,43.44,11
AS976,Accessoires Sacs,Accessoires,Sacs,Unisexe,M,Blanc,272.45,148.93,4
VS725,Vetements Shorts,Vetements,Shorts,Femme,XS,Blanc,88.39,41.49,43
VT712,Vetements T-shirts,Vetements,T-shirts,Homme,L,Noir,122.37,54.66,18
VS849,Vetements Sweats,Vetements,Sweats,Homme,XL,Rouge,150.97,52.73,91
VT828,Vetements T-shirts,Vetements,T-shirts,Femme,M,Noir,151.59,71.29,42
VS809,Vetements Sweats,Vetements,Sweats,Homme,L,Jaune,249.81,96.51,12
VS195,Vetements Shorts,Vetements,Shorts,Femme,XS,Bleu,244.67,80.01,92
AC343,Accessoires Casquettes,Accessoires,Casquettes,Homme,M,Vert,76.14,40.73,90
AS119,Accessoires Sacs,Accessoires,Sacs,Homme,S,Bleu,225.97,74.58,96
CB507,Chaussures Basketball,Chaussures,Basketball,Unisexe,41,Rouge,174.67,58.88,50
VS642,Vetements Sweats,Vetements,Sweats,Homme,S,Vert,148.42,75.47,72
CB177,Chaussures Basketball,Chaussures,Basketball,Femme,42,Blanc,145.62,72.78,79
CR298,Chaussures Running,Chaussures,Running,Femme,35,Jaune,96.88,35.68,38
CB286,Chaussures Basketball,Chaussures,Basketball,Femme,38,Blanc,103.81,36.09,9
VS145,Vetements Shorts,Vetements,Shorts,Unisexe,M,Vert,269.79,151.96,17
AC725,Accessoires Casquettes,Accessoires,Casquettes,Homme,L,Jaune,229.52,91.64,3
AC397,Accessoires Chaussettes,Accessoires,Chaussettes,Unisexe,M,Bleu,143.16,82.97,86
CB889,Chaussures Basketball,Chaussures,Basketball,Femme,36,Blanc,206.02,116.68,31
VS904,Vetements Sweats,Vetements,Sweats,Femme,M,Bleu,61.32,33.6,39
VS216,Vetements Sweats,Vetements,Sweats,Femme,XS,Jaune,162.3,81.63,71
VS161,Vetements Sweats,Vetements,Sweats,Homme,S,Jaune,224.13,108.03,42
AS635,Accessoires Sacs,Accessoires,Sacs,Homme,XL,Vert,177.38,54.56,44
VS893,Vetements Sweats,Vetements,Sweats,Homme,XL,Blanc,92.39,33.4,35
VS576,Vetements Sweats,Vetements,Sweats,Homme,XS,Vert,200.4,61.87,60
VT533,Vetements T-shirts,Vetements,T-shirts,Homme,L,Jaune,54.05,22.45,81
CF433,Chaussures Football,Chaussures,Football,Homme,42,Noir,271.77,135.44,15
CB907,Chaussures Basketball,Chaussures,Basketball,Homme,36,Noir,102.82,56.55,100
VT245,Vetements T-shirts,Vetements,T-shirts,Homme,S,Rouge,261.68,119.61,27
AC590,Accessoires Chaussettes,Accessoires,Chaussettes,Homme,M,Blanc,158.26,56.51,33
VT663,Vetements T-shirts,Vetements,T-shirts,Unisexe,XL,Noir,174.78,63.9,73
VS653,Vetements Shorts,Vetements,Shorts,Unisexe,M,Jaune,193.53,80.08,44
AC132,Accessoires Chaussettes,Accessoires,Chaussettes,Homme,XS,Bleu,197.75,63.48,58
VS102,Vetements Sweats,Vetements,Sweats,Unisexe,M,Rouge,239.85,125.57,92
CF493,Chaussures Football,Chaussures,Football,Homme,37,Vert,180.14,68.0,82
CF987,Chaussures Football,Chaussures,Football,Unisexe,45,Bleu,147.81,55.26,18
VS586,Vetements Shorts,Vetements,Shorts,Femme,M,Noir,159.18,86.39,26
VS545,Vetements Sweats,Vetements,Sweats,Femme,XL,Noir,81.8,37.58,16
VT179,Vetements T-shirts,Vetements,T-shirts,Unisexe,XS,Blanc,228.28,126.85,58
VS924,Vetements Sweats,Vetements,Sweats,Homme,M,Noir,178.76,61.46,51
CR280,Chaussures Running,Chaussures,Running,Unisexe,42,Jaune,298.86,111.13,79
VS580,Vetements Sweats,Vetements,Sweats,Femme,XS,Noir,185.17,65.85,64
AC852,Accessoires Casquettes,Accessoires,Casquettes,Femme,M,Vert,145.56,47.94,18
AC559,Accessoires Casquettes,Accessoires,Casquettes,Homme,M,Bleu,127.96,43.18,18
VS214,Vetements Sweats,Vetements,Sweats,Femme,S,Jaune,59.55,23.11,68
AC394,Accessoires Chaussettes,Accessoires,Chaussettes,Unisexe,M,Rouge,66.07,31.26,66
VS148,Vetements Sweats,Vetements,Sweats,Unisexe,S,Bleu,220.06,89.44,40
VT515,Vetements T-shirts,Vetements,T-shirts,Unisexe,S,Jaune,237.85,126.17,16
CF236,Chaussures Football,Chaussures,Football,Unisexe,36,Bleu,116.37,68.6,95
CR522,Chaussures Running,Chaussures,Running,Unisexe,38,Bleu,262.01,116.6,95
VT851,Vetements T-shirts,Vetements,T-shirts,Unisexe,XS,Bleu,101.52,55.8,47
CF240,Chaussures Football,Chaussures,Football,Unisexe,43,Blanc,226.76,111.61,35
AC832,Accessoires Casquettes,Accessoires,Casquettes,Unisexe,XL,Jaune,228.83,100.88,53
AC495,Accessoires Casquettes,Accessoires,Casquettes,Homme,XL,Bleu,131.06,70.18,19
AS437,Accessoires Sacs,Accessoires,Sacs,Homme,XS,Rouge,298.9,138.62,37
AC144,Accessoires Chaussettes,Accessoires,Chaussettes,Homme,L,Bleu,221.58,109.99,38
CR673,Chaussures Running,Chaussures,Running,Homme,40,Vert,70.36,22.44,24
VS409,Vetements Shorts,Vetements,Shorts,Femme,XL,Noir,274.61,147.1,19
CR402,Chaussures Running,Chaussures,Running,Unisexe,39,Jaune,51.6,19.39,77
CB235,Chaussures Basketball,Chaussures,Basketball,Homme,44,Bleu,168.52,53.09,72
CR379,Chaussures Running,Chaussures,Running,Homme,43,Noir,164.68,68.45,98
AC509,Accessoires Casquettes,Accessoires,Casquettes,Homme,L,Vert,237.6,80.85,27
CR602,Chaussures Running,Chaussures,Running,Homme,37,Rouge,59.25,28.84,31
VT158,Vetements T-shirts,Vetements,T-shirts,Femme,XS,Blanc,149.48,87.8,51
AC962,Accessoires Casquettes,Accessoires,Casquettes,Unisexe,S,Blanc,275.88,111.25,33
CF205,Chaussures Football,Chaussures,Football,Unisexe,45,Bleu,241.42,125.8,47
VS324,Vetements Shorts,Vetements,Shorts,Femme,M,Bleu,175.84,91.21,9
AC562,Accessoires Casquettes,Accessoires,Casquettes,Homme,S,Rouge,148.72,78.21,75
AC510,Accessoires Chaussettes,Accessoires,Chaussettes,Homme,S,Blanc,115.84,57.07,46
AC785,Accessoires Casquettes,Accessoires,Casquettes,Homme,S,Rouge,71.71,28.47,0
VS727,Vetements Sweats,Vetements,Sweats,Unisexe,M,Jaune,157.03,57.2,31
AC642,Accessoires Casquettes,Accessoires,Casquettes,Unisexe,M,Noir,111.65,38.56,65
AS879,Accessoires Sacs,Accessoires,Sacs,Unisexe,M,Blanc,185.27,109.88,68
AC934,Accessoires Chaussettes,Accessoires,Chaussettes,Femme,XL,Noir,69.31,38.23,88
AS178,Accessoires Sacs,Accessoires,Sacs,Homme,XS,Jaune,258.41,82.45,11
AS162,Accessoires Sacs,Accessoires,Sacs,Femme,L,Blanc,188.45,91.22,61
AC984,Accessoires Casquettes,Accessoires,Casquettes,Femme,XS,Blanc,89.76,33.28,95
AC383,Accessoires Casquettes,Accessoires,Casquettes,Femme,XL,Blanc,299.34,101.33,33
AS731,Accessoires Sacs,Accessoires,Sacs,Femme,M,Bleu,82.53,25.09,30
VT806,Vetements T-shirts,Vetements,T-shirts,Femme,XS,Blanc,284.48,136.84,18
CR336,Chaussures Running,Chaussures,Running,Femme,38,Jaune,235.25,86.83,86
VS116,Vetements Shorts,Vetements,Shorts,Unisexe,M,Bleu,182.44,75.47,24
CB757,Chaussures Basketball,Chaussures,Basketball,Unisexe,39,Bleu,241.71,96.58,79
VS963,Vetements Shorts,Vetements,Shorts,Unisexe,S,Bleu,175.74,82.56,9
AC134,Accessoires Casquettes,Accessoires,Casquettes,Homme,M,Blanc,142.7,77.03,60
VS998,Vetements Sweats,Vetements,Sweats,Unisexe,XL,Rouge,297.88,134.31,37
CF379,Chaussures Football,Chaussures,Football,Unisexe,43,Vert,219.17,127.67,59
CB890,Chaussures Basketball,Chaussures,Basketball,Femme,40,Noir,92.82,28.91,28
VT990,Vetements T-shirts,Vetements,T-shirts,Femme,L,Rouge,269.14,134.21,24
CR945,Chaussures Running,Chaussures,Running,Femme,40,Vert,75.33,30.1,14
AC405,Accessoires Chaussettes,Accessoires,Chaussettes,Homme,M,Jaune,262.49,83.75,44
CF258,Chaussures Football,Chaussures,Football,Homme,45,Rouge,251.53,133.8,80
CR901,Chaussures Running,Chaussures,Running,Unisexe,39,Jaune,57.71,24.51,42
CR261,Chaussures Running,Chaussures,Running,Homme,45,Jaune,218.41,71.07,27
CR517,Chaussures Running,Chaussures,Running,Unisexe,36,Blanc,233.68,78.57,37
CB526,Chaussures Basketball,Chaussures,Basketball,Femme,41,Bleu,271.1,129.24,21
VS278,Vetements Sweats,Vetements,Sweats,Unisexe,XL,Blanc,205.85,101.25,80
AS935,Accessoires Sacs,Accessoires,Sacs,Unisexe,L,Blanc,205.35,67.05,37
VS889,Vetements Shorts,Vetements,Shorts,Unisexe,XS,Jaune,97.09,33.1,100
CR655,Chaussures Running,Chaussures,Running,Femme,41,Rouge,207.4,82.27,16
VT230,Vetements T-shirts,Vetements,T-shirts,Femme,S,Vert,227.71,71.68,45
VS285,Vetements Sweats,Vetements,Sweats,Unisexe,L,Jaune,223.39,113.17,63
VS590,Vetements Sweats,Vetements,Sweats,Femme,XL,Noir,184.19,88.68,92
CF471,Chaussures Football,Chaussures,Football,Homme,38,Noir,299.32,125.55,10
AC142,Accessoires Casquettes,Accessoires,Casquettes,Femme,M,Bleu,82.69,40.68,14
AS291,Accessoires Sacs,Accessoires,Sacs,Homme,M,Noir,265.51,152.32,71
VT954,Vetements T-shirts,Vetements,T-shirts,Homme,L,Noir,134.28,60.35,22
AC472,Accessoires Chaussettes,Accessoires,Chaussettes,Homme,S,Blanc,146.9,73.32,9
CF382,Chaussures Football,Chaussures,Football,Femme,43,Blanc,226.74,88.35,50
VS719,Vetements Shorts,Vetements,Shorts,Homme,S,Jaune,280.8,117.25,20
VS624,Vetements Sweats,Vetements,Sweats,Femme,S,Jaune,238.39,132.84,65
AC725,Accessoires Chaussettes,Accessoires,Chaussettes,Unisexe,XS,Vert,68.72,27.94,32
CF507,Chaussures Football,Chaussures,Football,Homme,43,Blanc,116.87,47.98,89
AS447,Accessoires Sacs,Accessoires,Sacs,Unisexe,L,Rouge,186.06,104.86,86
AC644,Accessoires Casquettes,Accessoires,Casquettes,Homme,XL,Vert,111.49,41.42,92
VT281,Vetements T-shirts,Vetements,T-shirts,Homme,M,Noir,270.26,98.31,12
AS391,Accessoires Sacs,Accessoires,Sacs,Unisexe,XL,Bleu,132.16,78.15,78
VS197,Vetements Shorts,Vetements,Shorts,Unisexe,M,Vert,96.16,42.07,68
VT162,Vetements T-shirts,Vetements,T-shirts,Femme,XS,Vert,104.98,45.39,100
CF337,Chaussures Football,Chaussures,Football,Femme,42,Jaune,206.34,99.47,91
AS132,Accessoires Sacs,Accessoires,Sacs,Femme,XS,Vert,82.38,42.75,17
VT969,Vetements T-shirts,Vetements,T-shirts,Femme,M,Rouge,187.32,59.34,50
AS677,Accessoires Sacs,Accessoires,Sacs,Femme,XS,Rouge,186.9,67.48,70
AC142,Accessoires Casquettes,Accessoires,Casquettes,Homme,M,Bleu,153.21,75.8,49
CF347,Chaussures Football,Chaussures,Football,Homme,40,Bleu,81.3,37.74,58
CR226,Chaussures Running,Chaussures,Running,Unisexe,45,Vert,131.8,61.91,73
VS832,Vetements Sweats,Vetements,Sweats,Unisexe,M,Blanc,150.91,83.48,33
VT471,Vetements T-shirts,Vetements,T-shirts,Femme,XL,Bleu,100.43,33.36,81
AS897,Accessoires Sacs,Accessoires,Sacs,Femme,XS,Bleu,180.02,70.72,44
AC161,Accessoires Casquettes,Accessoires,Casquettes,Femme,M,Noir,91.02,38.22,19
AC400,Accessoires Chaussettes,Accessoires,Chaussettes,Unisexe,S,Vert,97.07,41.22,35
AC609,Accessoires Chaussettes,Accessoires,Chaussettes,Femme,M,Rouge,136.37,78.63,61
CF890,Chaussures Football,Chaussures,Football,Homme,35,Rouge,140.04,51.93,26
AC946,Accessoires Chaussettes,Accessoires,Chaussettes,Unisexe,XL,Blanc,283.43,164.76,46
CB854,Chaussures Basketball,Chaussures,Basketball,Femme,37,Blanc,102.14,49.54,39
CR972,Chaussures Running,Chaussures,Running,Unisexe,42,Blanc,158.67,81.22,38
AC891,Accessoires Casquettes,Accessoires,Casquettes,Femme,L,Vert,220.24,67.2,42
VT454,Vetements T-shirts,Vetements,T-shirts,Unisexe,L,Blanc,262.78,118.31,53
CF919,Chaussures Football,Chaussures,Football,Unisexe,44,Rouge,241.21,130.16,60
VT573,Vetements T-shirts,Vetements,T-shirts,Femme,L,Bleu,219.07,107.87,96
CB324,Chaussures Basketball,Chaussures,Basketball,Homme,41,Vert,100.29,42.21,11
AC351,Accessoires Casquettes,Accessoires,Casquettes,Femme,M,Noir,170.12,101.06,76
AC440,Accessoires Chaussettes,Accessoires,Chaussettes,Homme,S,Blanc,130.12,64.67,30
CF447,Chaussures Football,Chaussures,Football,Homme,44,Noir,170.25,61.77,79
VT188,Vetements T-shirts,Vetements,T-shirts,Homme,S,Noir,206.71,118.11,57
VS666,Vetements Sweats,Vetements,Sweats,Homme,XS,Rouge,155.24,63.48,51
CR857,Chaussures Running,Chaussures,Running,Unisexe,36,Rouge,82.43,34.79,1
CB851,Chaussures Basketball,Chaussures,Basketball,Homme,39,Vert,168.82,89.14,42
CR674,Chaussures Running,Chaussures,Running,Unisexe,37,Noir,188.16,66.89,100
VS404,Vetements Sweats,Vetements,Sweats,Unisexe,M,Rouge,108.36,50.52,93
AS913,Accessoires Sacs,Accessoires,Sacs,Femme,XS,Jaune,192.89,114.19,37
AC855,Accessoires Casquettes,Accessoires,Casquettes,Femme,XL,Rouge,293.46,111.71,60
VT896,Vetements T-shirts,Vetements,T-shirts,Femme,L,Jaune,242.1,84.84,99
CB335,Chaussures Basketball,Chaussures,Basketball,Homme,45,Noir,195.37,105.59,71
CR508,Chaussures Running,Chaussures,Running,Homme,35,Noir,296.37,89.54,93
AC220,Accessoires Chaussettes,Accessoires,Chaussettes,Homme,XS,Blanc,167.55,54.94,99
VT499,Vetements T-shirts,Vetements,T-shirts,Homme,M,Jaune,222.57,83.2,60
AS571,Accessoires Sacs,Accessoires,Sacs,Unisexe,M,Noir,268.45,120.53,13
VS581,Vetements Shorts,Vetements,Shorts,Femme,S,Noir,299.33,123.35,9
CF519,Chaussures Football,Chaussures,Football,Unisexe,35,Rouge,210.97,67.66,71
AS156,Accessoires Sacs,Accessoires,Sacs,Femme,S,Noir,215.31,119.07,94
VT371,Vetements T-shirts,Vetements,T-shirts,Femme,S,Jaune,136.82,48.51,81
AC133,Accessoires Chaussettes,Accessoires,Chaussettes,Homme,S,Rouge,270.59,132.91,40
VT601,Vetements T-shirts,Vetements,T-shirts,Femme,XS,Jaune,140.95,70.59,42
CB842,Chaussures Basketball,Chaussures,Basketball,Unisexe,44,Rouge,79.27,26.0,29
VT233,Vetements T-shirts,Vetements,T-shirts,Homme,XS,Jaune,87.25,41.4,84
CF547,Chaussures Football,Chaussures,Football,Homme,41,Vert,264.11,106.8,52
CF840,Chaussures Football,Chaussures,Football,Unisexe,44,Blanc,216.64,126.38,5
AS973,Accessoires Sacs,Accessoires,Sacs,Homme,M,Jaune,296.58,151.21,6
CR839,Chaussures Running,Chaussures,Running,Femme,44,Vert,74.43,35.93,88
VT889,Vetements T-shirts,Vetements,T-shirts,Unisexe,L,Bleu,166.67,71.02,31
AC258,Accessoires Casquettes,Accessoires,Casquettes,Femme,S,Vert,296.92,164.02,25
AS519,Accessoires Sacs,Accessoires,Sacs,Unisexe,XS,Vert,154.62,81.04,51
AC460,Accessoires Casquettes,Accessoires,Casquettes,Homme,S,Noir,56.26,30.86,64
VS664,Vetements Shorts,Vetements,Shorts,Homme,L,Vert,170.4,93.0,29
VS809,Vetements Shorts,Vetements,Shorts,Femme,XL,Rouge,150.8,55.83,32
VT418,Vetements T-shirts,Vetements,T-shirts,Homme,XL,Noir,70.3,23.65,83
CR287,Chaussures Running,Chaussures,Running,Femme,40,Bleu,271.15,116.43,100
VS794,Vetements Shorts,Vetements,Shorts,Femme,XL,Noir,137.96,71.93,20
VT511,Vetements T-shirts,Vetements,T-shirts,Femme,XS,Vert,111.93,55.68,49
CF490,Chaussures Football,Chaussures,Football,Homme,44,Bleu,282.23,152.58,36
CF223,Chaussures Football,Chaussures,Football,Homme,36,Jaune,227.76,111.9,20
CR181,Chaussures Running,Chaussures,Running,Femme,36,Rouge,208.42,79.61,33
VT939,Vetements T-shirts,Vetements,T-shirts,Femme,L,Vert,197.65,89.6,10
AC865,Accessoires Casquettes,Accessoires,Casquettes,Homme,XS,Noir,181.72,99.24,48
VS450,Vetements Shorts,Vetements,Shorts,Homme,M,Vert,187.24,87.3,40
AC694,Accessoires Casquettes,Accessoires,Casquettes,Homme,L,Bleu,203.88,108.99,28
CF998,Chaussures Football,Chaussures,Football,Unisexe,35,Jaune,193.4,84.03,5
CR818,Chaussures Running,Chaussures,Running,Homme,39,Rouge,222.93,115.48,57
VS659,Vetements Shorts,Vetements,Shorts,Homme,XS,Blanc,187.11,98.75,90
CB752,Chaussures Basketball,Chaussures,Basketball,Homme,45,Jaune,291.04,169.18,85
CB651,Chaussures Basketball,Chaussures,Basketball,Unisexe,38,Noir,59.35,34.76,86
AC253,Accessoires Chaussettes,Accessoires,Chaussettes,Femme,L,Bleu,258.97,128.91,73